,모델명,화면크기,무게,CPU,그래픽,RAM,SSD,최저가,등록년월,평점,댓글개수,브랜드,인기,출시 연도
0,삼성전자 갤럭시북5 프로 NT940XHA-K51A,14.0,1.23,코어 울트라5,내장그래픽,16,256,1660000,2025.01.,4.9,767,삼성전자,3758.3,2025
1,LG전자 울트라PC 15U50T-GA5HK,15.6,1.7,코어i5-13세대,기타,16,256,695590,2024.11.,4.7,93,LG전자,437.1,2024
2,삼성전자 갤럭시북4 NT750XGR-A51A WIN11,15.6,1.55,코어i5-13세대,기타,16,256,824990,2024.03.,4.8,120,삼성전자,576.0,2024
3,삼성전자 갤럭시북4 NT750XGR-A51A,15.6,1.55,코어i5-13세대,기타,16,256,799900,2024.03.,4.9,"7,050",삼성전자,,2024
4,LG전자 2025 그램15 15Z90T-GA5HK,15.6,1.29,코어 울트라5,내장그래픽,16,512,1424080,2025.01.,5.0,58,LG전자,290.0,2025
5,LG전자 2025 그램 프로16 16Z90TS-GS5CK,16.0,1.199,코어 울트라5,내장그래픽,16,256,1587000,2025.03.,5.0,6,LG전자,30.0,2025
6,LG전자 2025 그램 프로16 16Z90TS-GS50K,16.0,1.239,코어 울트라5,내장그래픽,16,256,1578150,2025.01.,4.9,142,LG전자,695.8000000000001,2025
7,LG전자 2025 그램 프로16 16Z90TP-KD7WK,16.0,1.199,코어 울트라7,내장그래픽,32,1024,2206930,2025.01.,4.9,403,LG전자,1974.7,2025
8,LG전자 울트라PC 15UD50T-GX5JK,15.6,1.7,코어i5-13세대,기타,8,256,641420,2024.10.,4.8,"2,828",LG전자,,2024
9,LG전자 2025 그램14 14ZD90T-GX56K,14.0,1.12,코어 울트라5,내장그래픽,16,256,1257780,2025.01.,4.9,241,LG전자,1180.9,2025
10,삼성전자 갤럭시북5 프로 NT960XHA-KD72G,16.0,1.56,코어 울트라7,내장그래픽,32,1024,2589740,2025.01.,4.8,6,삼성전자,28.799999999999997,2025
11,LG전자 2025 그램15 15ZD90T-GX56K,15.6,1.29,코어 울트라5,내장그래픽,16,256,1357790,2025.01.,4.8,159,LG전자,763.1999999999999,2025
12,LG전자 그램15 15Z80T-GS5WK,15.6,1.29,라이젠AI 5,내장그래픽,16,512,1253580,2025.04.,4.7,29,LG전자,136.3,2025
13,삼성전자 갤럭시북5 프로 NT960XHA-K52A,16.0,1.56,코어 울트라5,내장그래픽,32,256,1947520,2025.01.,4.9,471,삼성전자,2307.9,2025
14,"APPLE 맥북프로14 M5 10코어 CPU, 10코어 GPU 블랙",14.2,1.55,Intelligence,기타,16,512,2318270,2025.11.,,,APPLE,,2025
15,LG전자 2024 그램14 14ZD90S-GX56K WIN11,14.0,1.12,코어 울트라5,내장그래픽,16,256,1099990,2024.02.,4.8,17,LG전자,81.6,2024
16,LG전자 그램15 15ZD90RU-GX54K,15.6,1.14,코어i5-13세대,기타,16,256,1153490,2024.11.,4.9,73,LG전자,357.70000000000005,2024
17,LG전자 2025 그램 프로16 16ZD90TR-SX79K,16.0,1.36,코어 울트라7,RTX4050,32,512,2348000,2025.01.,4.9,43,LG전자,210.70000000000002,2025
18,LG전자 그램 프로17 17ZD90SP-GX56K,17.0,1.299,코어 울트라5,내장그래픽,16,256,1528270,2024.01.,4.8,168,LG전자,806.4,2024
19,LG전자 그램15 15Z90S U5,15.6,1.29,코어 울트라5,내장그래픽,16,256,1437000,2024.07.,,,LG전자,,2024
20,삼성전자 갤럭시북5 프로H NT965XHW-A51A,16.0,1.56,코어 울트라5,내장그래픽,16,256,1599900,2025.01.,4.9,388,삼성전자,1901.2,2025
21,삼성전자 갤럭시북4 NT750XGR-A71A,15.6,1.55,코어i7-13세대,기타,16,512,999370,2024.03.,4.9,"2,207",삼성전자,,2024
22,삼성전자 갤럭시북5 프로 NT940XHA-KP72S,14.0,1.23,코어 울트라7,내장그래픽,32,512,2198000,2025.01.,5.0,1,삼성전자,5.0,2025
23,LG전자 2024 그램16 16Z90SU-GRF6K 16GB램,16.0,1.12,코어 울트라5,내장그래픽,16,256,1347000,2025.02.,,,LG전자,,2025
24,삼성전자 갤럭시북5 프로H NT965XHW-A71AR,16.0,1.56,코어 울트라7,내장그래픽,32,256,2076900,2025.01.,4.7,142,삼성전자,667.4,2025
25,삼성전자 갤럭시북5 프로 NT960XHA-KC71S,16.0,1.56,코어 울트라7,내장그래픽,16,512,2159990,2025.01.,,,삼성전자,,2025
26,LG전자 그램17 17Z90S-GP5QLF,17.0,1.35,코어 울트라5,내장그래픽,32,256,1748990,2025.03.,,,LG전자,,2025
27,삼성전자 갤럭시북5 프로 NT960XHA-K71AR,16.0,1.56,코어 울트라7,내장그래픽,32,1024,2537080,2025.01.,4.9,438,삼성전자,2146.2000000000003,2025
28,LG전자 2025 그램 프로16 16Z90TP-GD7BK,16.0,1.199,코어 울트라7,내장그래픽,32,512,2102090,2025.01.,4.8,73,LG전자,350.4,2025
29,삼성전자 갤럭시북5 프로 NT940XHA-K71AR,14.0,1.23,코어 울트라7,내장그래픽,32,512,2120000,2025.01.,4.8,100,삼성전자,480.0,2025
30,삼성전자 갤럭시북4 울트라 NT960XGL-X92A,16.0,1.86,코어 울트라9,RTX4070,32,1024,4080000,2024.02.,4.9,131,삼성전자,641.9000000000001,2024
31,LG전자 2025 그램 프로16 16Z90TP-GD7CK,16.0,1.199,코어 울트라7,내장그래픽,32,512,2102090,2025.01.,4.9,134,LG전자,656.6,2025
32,LG전자 2025 그램 프로16 16Z90TS-GU7BK,16.0,1.239,코어 울트라7,내장그래픽,32,1024,2366100,2025.01.,4.9,235,LG전자,1151.5,2025
33,LG전자 울트라PC 15UD50T-GX5JK 32GB램,15.6,1.7,코어i5-13세대,기타,32,256,749000,2024.11.,,,LG전자,,2024
34,삼성전자 갤럭시북4 NT750XGR-A31A,15.6,1.55,코어i3-13세대,기타,16,256,668990,2024.04.,4.9,"6,760",삼성전자,,2024
35,LG전자 2025 그램 프로360 16T90TP-GA5CK,16.0,1.399,코어 울트라5,내장그래픽,16,256,1749990,2025.01.,4.9,54,LG전자,264.6,2025
36,LG전자 울트라PC 15U50T-GROWK 16GB램,15.6,1.7,코어i5-13세대,기타,16,256,668990,2024.11.,4.8,9,LG전자,43.199999999999996,2024
37,LG전자 다나와인증 울트라PC 15UD50P LT2504003509,15.3,1.81,코어i5-11세대,기타,8,240,549990,2025.04.,,,LG전자,,2025
38,LG전자 2024 그램15 15Z90S-GA5NK,15.6,1.29,코어 울트라5,내장그래픽,16,256,1245980,2024.12.,4.8,43,LG전자,206.4,2024
39,"APPLE 맥북프로14 M4프로 12코어 CPU, 16코어 GPU 블랙",14.2,1.6,M4 Pro,기타,24,512,2712120,2024.11.,5.0,36,APPLE,180.0,2024
40,LG전자 2025 그램 프로16 16Z90TP-GA5CK,16.0,1.199,코어 울트라5,내장그래픽,16,256,1553470,2025.01.,5.0,72,LG전자,360.0,2025
41,"APPLE 맥북프로16 M1프로 10코어 CPU, 16코어 GPU 그레이",16.2,2.1,M1 Pro,기타,16,512,2699000,2021.10.,4.8,162,APPLE,777.6,2021
42,삼성전자 갤럭시북4 울트라 NT960XGL-X94A,16.0,1.86,코어 울트라9,RTX4070,64,2048,4590000,2024.02.,4.8,101,삼성전자,484.79999999999995,2024
43,LG전자 2025 그램 프로17 17ZD90TP-GX56K,17.0,1.369,코어 울트라5,내장그래픽,16,256,1678000,2025.01.,4.9,22,LG전자,107.80000000000001,2025
44,LG전자 울트라PC 15U50T-GA5HK 32GB램,15.6,1.7,코어i5-13세대,기타,32,256,763790,2024.12.,5.0,6,LG전자,30.0,2024
45,"APPLE 맥북프로14 M5 10코어 CPU, 10코어 GPU 실버",14.2,1.55,Intelligence,기타,16,512,2318290,2025.11.,5.0,2,APPLE,10.0,2025
46,LG전자 2025 그램 프로16 16Z90TR-SD7WK,16.0,1.36,코어 울트라7,RTX4050,32,1024,2577030,2025.02.,4.9,65,LG전자,318.5,2025
47,LG전자 2023 울트라PC 15U40R-GR56K 16GB램,15.6,1.75,라이젠5,내장그래픽,16,256,721690,2023.02.,4.5,6,LG전자,27.0,2023
48,LG전자 2025 그램 프로17 17ZD90TP-GX56K WIN11,17.0,1.369,코어 울트라5,내장그래픽,16,256,1688990,2025.01.,,,LG전자,,2025
49,LG전자 그램16 16ZD90RU-GX54K WIN11,16.0,1.199,코어i5-13세대,기타,16,256,1157950,2025.01.,,,LG전자,,2025
50,LG전자 2025 그램 프로360 16T90TP-GD7BK,16.0,1.399,코어 울트라7,내장그래픽,32,1024,2450670,2025.01.,4.9,210,LG전자,1029.0,2025
51,"APPLE 맥북에어13 M4 10코어 CPU, 10코어 GPU 스카이",13.6,1.24,Intelligence,기타,16,512,1719890,2025.03.,4.9,11,APPLE,53.900000000000006,2025
52,삼성전자 갤럭시북5 프로 NT960XHA-KP72G,16.0,1.56,코어 울트라7,내장그래픽,32,512,2379000,2025.01.,4.7,7,삼성전자,32.9,2025
53,삼성전자 갤럭시북5 프로360 NT960QHA-KC71G,16.0,1.69,코어 울트라7,내장그래픽,16,512,2238990,2024.11.,5.0,5,삼성전자,25.0,2024
54,LG전자 2025 그램 프로17 17ZD90TR-SXSBK,17.0,1.48,코어 울트라7,RTX4050,32,512,2521570,2025.09.,5.0,2,LG전자,10.0,2025
55,삼성전자 갤럭시북5 프로360 NT960QHA-KT72G,16.0,1.69,코어 울트라7,내장그래픽,32,512,2729990,2025.05.,5.0,1,삼성전자,5.0,2025
56,삼성전자 갤럭시북5 프로360 NT960QHA-KA72S,16.0,1.69,코어 울트라7,내장그래픽,32,1024,3093910,2024.11.,,,삼성전자,,2024
57,LG전자 그램15 15Z80T-GU7WK,15.6,1.29,라이젠AI 7,내장그래픽,32,1024,1726910,2025.04.,5.0,32,LG전자,160.0,2025
58,LG전자 2023 그램16 16ZD90R-EX59K WIN11,16.0,1.299,코어i5-13세대,RTX3050,32,256,2249000,2023.02.,5.0,3,LG전자,15.0,2023
59,LG전자 2025 그램 프로16 16Z90TP-GA70K,16.0,1.199,코어 울트라7,내장그래픽,16,512,1924380,2025.01.,4.6,6,LG전자,27.599999999999998,2025
60,삼성전자 갤럭시북5 프로 NT960XHA-K71A,16.0,1.56,코어 울트라7,내장그래픽,16,512,2087000,2025.01.,4.9,154,삼성전자,754.6,2025
61,LG전자 그램 프로17 17Z90TR-SDSWK,17.0,1.48,코어 울트라7,RTX4050,32,512,2516910,2025.08.,,,LG전자,,2025
62,"APPLE 맥북에어15 M4 10코어 CPU, 10코어 GPU 블루",15.3,1.51,Intelligence,기타,16,256,1738680,2025.03.,5.0,9,APPLE,45.0,2025
63,LG전자 울트라PC 15UD50T-GX5JK WIN11 16GB램,15.6,1.7,코어i5-13세대,기타,16,256,687490,2024.12.,4.9,25,LG전자,122.50000000000001,2024
64,LG전자 그램16 16ZD90RU-GX54K,16.0,1.199,코어i5-13세대,기타,16,256,1142840,2024.11.,4.8,125,LG전자,600.0,2024
65,삼성전자 갤럭시북5 프로 NT940XHA-KD72G,14.0,1.23,코어 울트라7,내장그래픽,32,1024,2347440,2025.01.,5.0,1,삼성전자,5.0,2025
66,LG전자 2025 그램 프로360 16TD90TP-GX56K,16.0,1.399,코어 울트라5,내장그래픽,16,256,1697990,2025.01.,4.9,100,LG전자,490.00000000000006,2025
67,삼성전자 갤럭시북4 NT750XGP-G72A,15.6,1.57,코어7,기타,16,512,1549980,2024.04.,4.9,144,삼성전자,705.6,2024
68,LG전자 울트라PC 15U50T-GA5VK,15.6,1.7,코어i5-13세대,기타,16,512,744330,2025.01.,4.9,44,LG전자,215.60000000000002,2025
69,LG전자 2025 그램 프로16 16Z90TP-GA5HK,16.0,1.199,코어 울트라5,내장그래픽,16,512,1624330,2025.01.,4.9,170,LG전자,833.0000000000001,2025
70,"APPLE 맥북에어13 M4 10코어 CPU, 8코어 GPU 실버",13.6,1.24,Intelligence,기타,16,256,1430970,2025.03.,4.6,10,APPLE,46.0,2025
71,LG전자 그램15 15ZD80T-GX56K WIN11,15.6,1.29,라이젠AI 5,내장그래픽,16,256,1218990,2025.04.,5.0,2,LG전자,10.0,2025
72,LG전자 2025 그램 프로17 17Z90TP-GA5CK,17.0,1.369,코어 울트라5,내장그래픽,16,256,1579090,2025.01.,4.9,31,LG전자,151.9,2025
73,삼성전자 갤럭시북5 프로 NT960XHA-K51A,16.0,1.56,코어 울트라5,내장그래픽,16,256,1743970,2025.01.,4.8,613,삼성전자,2942.4,2025
74,LG전자 2025 그램 프로17 17ZD90TP-GX59K,17.0,1.369,코어 울트라5,내장그래픽,32,256,1954700,2025.01.,4.7,11,LG전자,51.7,2025
75,삼성전자 갤럭시북4 NT750XGR-A71A WIN11,15.6,1.55,코어i7-13세대,기타,16,512,1051880,2024.04.,4.6,29,삼성전자,133.39999999999998,2024
76,LG전자 2025 그램14 14Z90T-GA5CK,14.0,1.12,코어 울트라5,내장그래픽,16,256,1273810,2025.01.,4.8,45,LG전자,216.0,2025
77,LG전자 2025 그램 프로17 17Z90TP-GD7CK,17.0,1.369,코어 울트라7,내장그래픽,32,512,2201980,2025.01.,4.9,101,LG전자,494.90000000000003,2025
78,LG전자 2025 그램 프로16 16Z90TS-GU7WK,16.0,1.199,코어 울트라7,내장그래픽,32,1024,2326490,2025.03.,4.8,90,LG전자,432.0,2025
79,LG전자 그램17 17Z90S-GA5VK,17.0,1.35,코어 울트라5,내장그래픽,16,256,1428000,2025.03.,,,LG전자,,2025
80,LG전자 2025 그램 프로16 16ZD90TR-SXSWK WIN11,16.0,1.36,코어 울트라7,RTX4050,32,512,2447880,2025.08.,,,LG전자,,2025
81,LG전자 그램 프로16 16Z90SP-KD7CK,16.0,1.199,코어 울트라7,내장그래픽,32,512,1898000,2024.04.,5.0,10,LG전자,50.0,2024
82,LG전자 2025 그램15 15Z90T-GA5CK,15.6,1.29,코어 울트라5,내장그래픽,16,256,1373130,2025.01.,4.9,49,LG전자,240.10000000000002,2025
83,삼성전자 갤럭시북5 프로H NT965XHW-A71AR WIN11,16.0,1.56,코어 울트라7,내장그래픽,32,256,2151830,2025.02.,,,삼성전자,,2025
84,LG전자 2025 그램 프로16 16ZD90TR-SX5BK WIN11,16.0,1.36,코어 울트라5,RTX4050,32,512,2290000,2025.02.,,,LG전자,,2025
85,삼성전자 갤럭시북4 울트라 NT960XGL-X72A,16.0,1.86,코어 울트라7,RTX4050,32,512,3345000,2024.01.,4.8,113,삼성전자,542.4,2024
86,LG전자 2025 그램14 14ZD90T-GX56K WIN11,14.0,1.12,코어 울트라5,내장그래픽,16,256,1273670,2025.01.,4.0,2,LG전자,8.0,2025
87,LG전자 2025 그램 프로16 16Z90TS-GS76ML,16.0,1.199,코어 울트라7,내장그래픽,16,256,2098000,2025.03.,,,LG전자,,2025
88,LG전자 2025 그램 프로17 17ZD90TP-GX79K WIN11,17.0,1.369,코어 울트라7,내장그래픽,32,256,2135260,2025.01.,,,LG전자,,2025
89,LG전자 2025 그램 프로16 16ZD90TP-GX56K WIN11,16.0,1.199,코어 울트라5,내장그래픽,16,256,1534920,2025.01.,5.0,2,LG전자,10.0,2025
90,LG전자 울트라PC 15U50T-GROWK,15.6,1.7,코어i5-13세대,기타,8,256,636890,2024.11.,4.9,311,LG전자,1523.9,2024
91,LG전자 그램16 16Z90S-GA5VK,16.0,1.199,코어 울트라5,내장그래픽,16,256,1345990,2025.03.,,,LG전자,,2025
92,LG전자 울트라PC 15UD50T-GX5JK 16GB램,15.6,1.7,코어i5-13세대,기타,16,256,668770,2024.11.,5.0,5,LG전자,25.0,2024
93,LG전자 2025 그램15 15Z90T-GA59K,15.6,1.29,코어 울트라5,내장그래픽,32,256,1597690,2025.01.,5.0,6,LG전자,30.0,2025
94,LG전자 그램15 15ZD80T-GX56K,15.6,1.29,라이젠AI 5,내장그래픽,16,256,1192200,2025.04.,4.9,83,LG전자,406.70000000000005,2025
95,LG전자 2025 그램 프로16 16ZD90TP-GX56K,16.0,1.199,코어 울트라5,내장그래픽,16,256,1533980,2025.01.,4.9,91,LG전자,445.90000000000003,2025
96,LG전자 2025 그램 프로16 16ZD90TP-GX59K WIN11,16.0,1.199,코어 울트라5,내장그래픽,32,256,1847000,2025.01.,,,LG전자,,2025
97,LG전자 2025 그램15 15ZD90T-GX56K WIN11,15.6,1.29,코어 울트라5,내장그래픽,16,256,1366260,2025.01.,5.0,1,LG전자,5.0,2025
98,LG전자 2025 그램15 15ZD90T-GX59K WIN11,15.6,1.29,코어 울트라5,내장그래픽,32,256,1597280,2025.01.,,,LG전자,,2025
99,LG전자 2024 그램14 14ZD90S-GX56K,14.0,1.12,코어 울트라5,내장그래픽,16,256,1153080,2024.01.,4.8,525,LG전자,2520.0,2024
100,LG전자 2024 그램17 17Z90S-GA5PK,17.0,1.35,코어 울트라5,내장그래픽,16,512,1546000,2024.05.,4.9,334,LG전자,1636.6000000000001,2024
101,LG전자 2025 그램14 14Z90T-GA5HK,14.0,1.12,코어 울트라5,내장그래픽,16,512,1348980,2025.01.,4.9,62,LG전자,303.8,2025
102,LG전자 2025 그램 프로16 16Z90TP-GA5BK,16.0,1.199,코어 울트라5,내장그래픽,16,256,1599790,2025.01.,5.0,26,LG전자,130.0,2025
103,삼성전자 갤럭시북4 NT750XGL-XD72S,15.6,1.57,코어7,기타,32,1024,1948990,2024.04.,4.3,3,삼성전자,12.899999999999999,2024
104,LG전자 울트라PC 15U50T-GR50K 16GB램,15.6,1.7,코어i5-13세대,기타,16,256,668950,2024.12.,5.0,2,LG전자,10.0,2024
105,삼성전자 갤럭시북5 프로360 NT960QHA-KD72S,16.0,1.69,코어 울트라7,내장그래픽,32,1024,2888390,2024.11.,5.0,1,삼성전자,5.0,2024
106,LG전자 2025 그램 프로360 16T90TP-GD79K,16.0,1.399,코어 울트라7,내장그래픽,32,512,2287480,2025.01.,4.9,81,LG전자,396.90000000000003,2025
107,LG전자 2025 그램 프로16 16Z90TP-KA5WK,16.0,1.199,코어 울트라5,내장그래픽,16,512,1858550,2025.01.,4.9,663,LG전자,3248.7000000000003,2025
108,삼성전자 갤럭시북5 NT750XHD-KC51G,15.6,1.55,코어 울트라5,기타,16,512,1438990,2025.07.,5.0,1,삼성전자,5.0,2025
109,삼성전자 갤럭시북4 NT750XGJ-KP51S,15.6,1.55,코어i5-13세대,기타,16,256,869000,2024.08.,5.0,2,삼성전자,10.0,2024
110,LG전자 울트라PC 15U50S-SP7GL 32GB램,15.6,1.8,코어 울트라7,기타,32,512,1657270,2025.08.,,,LG전자,,2025
111,LG전자 2024 그램16 16ZD90SU-GXF6K 16GB램,16.0,1.12,코어 울트라5,내장그래픽,16,256,1296000,2025.02.,,,LG전자,,2025
112,LG전자 그램15 15Z80T-GS5CK,15.6,1.29,라이젠AI 5,내장그래픽,16,256,1218920,2025.04.,5.0,6,LG전자,30.0,2025
113,삼성전자 갤럭시북5 프로 NT960XHA-KC51G,16.0,1.56,코어 울트라5,내장그래픽,16,512,1798000,2025.01.,4.6,11,삼성전자,50.599999999999994,2025
114,LG전자 2024 그램16 16Z90SU-GR56K 16GB램,16.0,1.12,코어 울트라5,기타,16,256,1307100,2024.05.,5.0,1,LG전자,5.0,2024
115,LG전자 2025 그램 프로16 16Z90TP-KD7BK,16.0,1.199,코어 울트라7,내장그래픽,32,1024,2280910,2025.01.,4.9,138,LG전자,676.2,2025
116,LG전자 그램15 15ZD90RU-GX54K WIN11,15.6,1.14,코어i5-13세대,기타,16,256,1134440,2025.01.,4.6,3,LG전자,13.799999999999999,2025
117,LG전자 울트라PC 15UD50T-GX5JK WIN11,15.6,1.7,코어i5-13세대,기타,8,256,644470,2024.12.,5.0,2,LG전자,10.0,2024
118,LG전자 2025 그램 프로16 16ZD90TR-SX79K WIN11,16.0,1.36,코어 울트라7,RTX4050,32,512,2364130,2025.02.,,,LG전자,,2025
119,LG전자 그램 프로16 16Z90SP-KA5CK,16.0,1.199,코어 울트라5,내장그래픽,32,512,1790600,2024.05.,4.9,40,LG전자,196.0,2024
120,LG전자 2025 그램 프로16 16Z90TR-SD7HK,16.0,1.36,코어 울트라7,RTX4050,32,1024,2578990,2025.02.,4.9,34,LG전자,166.60000000000002,2025
121,삼성전자 갤럭시북5 NT750XHD-KC51S,15.6,1.55,코어 울트라5,기타,16,512,1374990,2025.07.,5.0,2,삼성전자,10.0,2025
122,"APPLE 맥북프로16 M4프로 14코어 CPU, 20코어 GPU 블랙",16.2,2.14,M4 Pro,기타,24,512,3450000,2024.11.,5.0,21,APPLE,105.0,2024
123,LG전자 2025 그램 프로17 17ZD90TP-GX79K,17.0,1.369,코어 울트라7,내장그래픽,32,256,2112070,2025.01.,5.0,19,LG전자,95.0,2025
124,삼성전자 갤럭시북5 프로 NT940XHA-KC71S,14.0,1.23,코어 울트라7,내장그래픽,16,512,1990190,2025.01.,4.0,1,삼성전자,4.0,2025
125,삼성전자 갤럭시북4 NT750XGJ-KH31S,15.6,1.55,코어i3-13세대,기타,16,512,755000,2024.08.,5.0,1,삼성전자,5.0,2024
126,LG전자 울트라PC 15U50T-GR3CK 16GB램,15.6,1.7,코어i3-13세대,기타,16,256,686280,2024.12.,,,LG전자,,2024
127,삼성전자 갤럭시북5 프로360 NT960QHA-KC51G,16.0,1.69,코어 울트라5,내장그래픽,16,512,1941070,2024.11.,4.9,12,삼성전자,58.800000000000004,2024
128,LG전자 2025 그램14 14Z90T-GA56K,14.0,1.12,코어 울트라5,내장그래픽,16,512,1433740,2025.01.,4.9,56,LG전자,274.40000000000003,2025
129,LG전자 그램 프로16 16Z90TR-ED7WK,16.0,1.36,코어 울트라7,RTX5050,32,1024,3067290,2025.08.,4.9,43,LG전자,210.70000000000002,2025
130,LG전자 2024 그램16 16ZD90SU-GX56K WIN11 16GB램,16.0,1.12,코어 울트라5,기타,16,256,1252000,2024.04.,5.0,10,LG전자,50.0,2024
131,"APPLE 맥북프로16 M4맥스 16코어 CPU, 40코어 GPU 블랙",16.2,2.15,M4 Max,기타,48,1024,5517310,2024.11.,5.0,26,APPLE,130.0,2024
132,삼성전자 갤럭시북 프로 SE NT950XFT-A51A,15.6,1.11,코어i5-13세대,기타,16,256,1159990,2023.02.,4.9,192,삼성전자,940.8000000000001,2023
133,LG전자 2025 그램 프로360 16T90TP-GA5BK,16.0,1.399,코어 울트라5,내장그래픽,16,512,1802870,2025.01.,4.8,77,LG전자,369.59999999999997,2025
134,LG전자 2025 그램 프로16 16ZD90TS-GX56K,16.0,1.199,코어 울트라5,내장그래픽,16,256,1579500,2025.04.,5.0,38,LG전자,190.0,2025
135,LG전자 그램17 17Z90S-GALGL,17.0,1.35,코어 울트라5,내장그래픽,16,256,1402270,2025.03.,4.8,6,LG전자,28.799999999999997,2025
136,LG전자 2024 그램17 17ZD90SU-GX56K,17.0,1.39,코어 울트라5,기타,8,256,1344000,2024.03.,4.8,78,LG전자,374.4,2024
137,LG전자 2024 그램16 16Z90S-GAOWK,16.0,1.199,코어 울트라5,내장그래픽,16,512,1413000,2024.01.,4.9,405,LG전자,1984.5000000000002,2024
138,삼성전자 NT950XDB i5 중고,15.6,1.05,코어i5-11세대,기타,8,256,440000,2023.09.,5.0,5,삼성전자,25.0,2023
139,"APPLE 맥북에어15 M4 10코어 CPU, 10코어 GPU 실버",15.3,1.51,Intelligence,기타,16,256,1700990,2025.03.,4.5,9,APPLE,40.5,2025
140,LG전자 2023 울트라PC 15UD50R-GX56K WIN11 16GB램,15.6,1.8,코어i5-13세대,기타,16,256,664470,2023.06.,4.9,42,LG전자,205.8,2023
141,LG전자 2025 그램15 15ZD90T-GX59K,15.6,1.29,코어 울트라5,내장그래픽,32,256,1587550,2025.01.,5.0,17,LG전자,85.0,2025
142,LG전자 그램 프로16 16ZD90SP-GX56K WIN11,16.0,1.199,코어 울트라5,내장그래픽,16,256,1428990,2024.03.,5.0,12,LG전자,60.0,2024
143,"APPLE 맥북에어13 M2 8코어 CPU, 8코어 GPU 블루",13.6,1.24,M2,기타,8,256,970000,2022.06.,4.8,338,APPLE,1622.3999999999999,2022
144,LG전자 그램 프로17 17Z90TR-ED7WK,17.0,1.48,코어 울트라7,RTX5050,32,1024,3142870,2025.08.,4.9,84,LG전자,411.6,2025
145,삼성전자 갤럭시북4 울트라 NT960XGL-XC92G,16.0,1.86,코어 울트라9,RTX4070,32,1024,3606600,2024.03.,4.6,5,삼성전자,23.0,2024
146,삼성전자 갤럭시북 프로 SE NT950XGK-KM50S,15.6,1.13,코어 울트라5,내장그래픽,16,256,1331000,2024.10.,4.6,19,삼성전자,87.39999999999999,2024
147,삼성전자 갤럭시북4 울트라 NT960XGL-XD94G,16.0,1.86,코어 울트라9,RTX4070,64,2048,4349000,2024.01.,4.7,21,삼성전자,98.7,2024
148,LG전자 그램 프로16 16Z90TR U7,16.0,1.36,코어 울트라7,RTX4050,32,1024,2769000,2025.02.,,,LG전자,,2025
149,삼성전자 갤럭시북4 NT750XGQ-A51A,15.6,1.55,코어5,기타,16,256,1169000,2024.03.,4.9,58,삼성전자,284.20000000000005,2024
150,LG전자 울트라PC 15U50S-SP7GL 16GB램,15.6,1.8,코어 울트라7,기타,16,512,1517850,2025.08.,,,LG전자,,2025
151,삼성전자 갤럭시북4 NT750XGR-A58A,15.6,1.55,코어i5-13세대,기타,8,256,738990,2024.03.,4.8,"1,346",삼성전자,,2024
152,LG전자 2025 그램 프로17 17Z90TR-SAFWK,17.0,1.48,코어 울트라5,RTX4050,32,512,2288990,2025.08.,,,LG전자,,2025
153,LG전자 그램17 17Z90T-GP56ML,17.0,1.35,코어 울트라5,내장그래픽,16,512,1665650,2025.06.,,,LG전자,,2025
154,LG전자 2025 그램 프로360 16TD90TP-GX76K,16.0,1.399,코어 울트라7,내장그래픽,16,256,1898590,2025.01.,5.0,11,LG전자,55.0,2025
155,"APPLE 맥북에어13 M4 10코어 CPU, 10코어 GPU 블루",13.6,1.24,Intelligence,기타,16,512,1719890,2025.03.,5.0,6,APPLE,30.0,2025
156,LG전자 그램 프로16 16Z90TR-EA5BK,16.0,1.36,코어 울트라5,RTX5050,32,512,2718500,2025.08.,4.9,33,LG전자,161.70000000000002,2025
157,삼성전자 갤럭시북4 울트라 NT960XGL-XA94G,16.0,1.86,코어 울트라9,RTX4070,64,2048,4615890,2024.10.,,,삼성전자,,2024
158,LG전자 2025 그램 프로17 17ZD90TR-SX79K,17.0,1.48,코어 울트라7,RTX4050,32,512,2489110,2025.01.,4.8,110,LG전자,528.0,2025
159,LG전자 2024 그램14 14Z90S-GP56ML,14.0,1.12,코어 울트라5,내장그래픽,16,256,1328580,2024.07.,,,LG전자,,2024
160,LG전자 그램15 15ZD80T-GX79K,15.6,1.29,라이젠AI 7,내장그래픽,32,512,1598600,2025.04.,5.0,7,LG전자,35.0,2025
161,"APPLE 맥북프로16 M4맥스 14코어 CPU, 32코어 GPU 블랙",16.2,2.15,M4 Max,기타,36,1024,4878600,2024.11.,4.7,57,APPLE,267.90000000000003,2024
162,"APPLE 맥북에어13 M4 10코어 CPU, 10코어 GPU 실버",13.6,1.24,Intelligence,기타,16,512,1718990,2025.03.,5.0,9,APPLE,45.0,2025
163,"APPLE 맥북에어13 M2 8코어 CPU, 10코어 GPU 그레이",13.6,1.24,M2,기타,8,512,970000,2022.06.,4.6,21,APPLE,96.6,2022
164,LG전자 2025 그램 프로17 17Z90TR-SD7WK,17.0,1.48,코어 울트라7,RTX4050,32,1024,2607060,2025.02.,4.9,88,LG전자,431.20000000000005,2025
165,"APPLE 맥북에어15 M4 10코어 CPU, 10코어 GPU 스카이",15.3,1.51,Intelligence,기타,16,256,1719890,2025.03.,5.0,3,APPLE,15.0,2025
166,LG전자 2025 그램 프로17 17Z90TR-SD79K,17.0,1.48,코어 울트라7,RTX4050,32,512,2591920,2025.01.,4.9,34,LG전자,166.60000000000002,2025
167,LG전자 울트라PC 15U50T-GR3CK,15.6,1.7,코어i3-13세대,기타,8,256,642620,2024.11.,4.8,51,LG전자,244.79999999999998,2024
168,LG전자 2025 그램 프로17 17Z90TR-SDSLK,17.0,1.48,코어 울트라7,RTX4050,32,512,2600360,2025.01.,,,LG전자,,2025
169,삼성전자 NT551XDA i5 중고,15.6,1.81,코어i5-11세대,기타,8,256,390000,2021.01.,5.0,4,삼성전자,20.0,2021
170,삼성전자 갤럭시북4 울트라 NT960XGL U9,16.0,1.86,코어 울트라9,RTX4070,64,256,4180000,2024.05.,5.0,1,삼성전자,5.0,2024
171,삼성전자 갤럭시북4 NT751XGJ-KR51G,15.6,1.55,코어i5-13세대,기타,16,256,890000,2024.08.,,,삼성전자,,2024
172,LG전자 2025 그램14 14Z90T-GA5YK,14.0,1.12,코어 울트라5,내장그래픽,16,256,1341060,2025.01.,4.8,24,LG전자,115.19999999999999,2025
173,삼성전자 갤럭시북 NT761XDA i5 중고,15.6,1.85,코어i5-11세대,RTX3050,16,512,756290,2022.04.,4.0,13,삼성전자,52.0,2022
174,LG전자 2023 울트라PC 15U40R-GR56K,15.6,1.75,라이젠5,내장그래픽,8,256,658380,2023.01.,5.0,7,LG전자,35.0,2023
175,LG전자 2025 그램 프로16 16Z90TR-SD79K,16.0,1.36,코어 울트라7,RTX4050,32,512,2498050,2025.01.,,,LG전자,,2025
176,삼성전자 갤럭시북5 프로360 NT960QHA-K71AR,16.0,1.69,코어 울트라7,내장그래픽,32,1024,2880000,2024.12.,4.9,417,삼성전자,2043.3000000000002,2024
177,LG전자 2024 그램14 14ZD90S-GX59K,14.0,1.12,코어 울트라5,내장그래픽,32,512,1619000,2024.01.,4.8,68,LG전자,326.4,2024
178,LG전자 2025 그램 프로16 16ZD90TP-GX59K,16.0,1.199,코어 울트라5,내장그래픽,32,256,1844990,2025.01.,4.9,31,LG전자,151.9,2025
179,삼성전자 갤럭시북2 NT550XEZ-A58A WIN11,15.6,1.8,코어i5-12세대,기타,8,256,828990,2022.08.,4.6,123,삼성전자,565.8,2022
180,LG전자 2025 그램 프로17 17ZD90TR-SX7BK,17.0,1.48,코어 울트라7,RTX4050,32,512,2471250,2025.01.,4.8,51,LG전자,244.79999999999998,2025
181,LG전자 2025 그램 프로17 17Z90TR-SD7HK,17.0,1.48,코어 울트라7,RTX4050,32,1024,2629900,2025.02.,5.0,39,LG전자,195.0,2025
183,LG전자 2023 울트라PC 15U40R-GRTWK 32GB램,15.6,1.75,라이젠3,내장그래픽,32,256,770790,2023.11.,,,LG전자,,2023
184,"APPLE 맥북에어13 M4 10코어 CPU, 8코어 GPU 스카이",13.6,1.24,Intelligence,기타,16,256,1430970,2025.03.,5.0,7,APPLE,35.0,2025
185,LG전자 그램 15ZB95N i5 중고,15.6,1.12,코어i5-11세대,기타,8,256,510000,2022.04.,2.3,3,LG전자,6.8999999999999995,2022
186,LG전자 그램 프로17 17Z90SP-EA5CK,17.0,1.379,코어 울트라5,RTX3050,16,256,2148990,2024.01.,4.8,6,LG전자,28.799999999999997,2024
187,LG전자 2025 그램 프로16 16ZD90TP-GX79K WIN11,16.0,1.199,코어 울트라7,내장그래픽,32,256,2170450,2025.01.,,,LG전자,,2025
188,LG전자 2023 그램16 16ZD90RU-GX56K WIN11,16.0,1.199,코어i5-13세대,기타,16,256,1228320,2023.05.,5.0,17,LG전자,85.0,2023
189,LG전자 2025 그램 프로16 16Z90TR-SA5BK,16.0,1.36,코어 울트라5,RTX4050,32,512,2371560,2025.02.,4.8,32,LG전자,153.6,2025
190,삼성전자 갤럭시북5 프로360 NT961QHA U7,16.0,1.69,코어 울트라7,내장그래픽,32,256,3149240,2025.03.,,,삼성전자,,2025
191,삼성전자 갤럭시북4 프로 NT940XGQ-A51A,14.0,1.23,코어 울트라5,내장그래픽,16,256,1398930,2024.01.,4.8,"3,584",삼성전자,,2024
192,LG전자 2025 그램 프로16 16ZD90TP-GX5BK,16.0,1.199,코어 울트라5,내장그래픽,16,256,1593480,2025.01.,5.0,17,LG전자,85.0,2025
193,LG전자 2025 그램 프로17 17Z90TR-SA5HK,17.0,1.48,코어 울트라5,RTX4050,32,512,2399000,2025.02.,4.7,19,LG전자,89.3,2025
194,LG전자 2025 그램14 14ZD90T-GX50K WIN11,14.0,1.12,코어 울트라5,내장그래픽,16,512,1298680,2025.01.,,,LG전자,,2025
195,LG전자 그램15 15ZD80T-GX79K WIN11,15.6,1.29,라이젠AI 7,내장그래픽,32,512,1637420,2025.04.,,,LG전자,,2025
196,LG전자 2024 그램15 15ZD90S-GX56K,15.6,1.3,코어 울트라5,내장그래픽,16,256,1314830,2024.01.,4.8,394,LG전자,1891.1999999999998,2024
198,LG전자 그램15 15Z80T-GS50K,15.6,1.29,라이젠AI 5,내장그래픽,16,256,1226830,2025.04.,,,LG전자,,2025
199,삼성전자 갤럭시북5 프로 NT960XHA U7 258V,16.0,1.56,코어 울트라7,내장그래픽,32,256,2460740,2025.03.,,,삼성전자,,2025
200,LG전자 2025 그램 프로16 16Z90TP-GA5LK,16.0,1.199,코어 울트라5,내장그래픽,16,512,1639890,2025.01.,5.0,21,LG전자,105.0,2025
201,LG전자 2023 그램15 15Z90R-GA56K,15.6,1.14,코어i5-13세대,기타,16,256,1195030,2023.01.,4.8,90,LG전자,432.0,2023
203,LG전자 2024 그램16 16Z90SU-GR56K,16.0,1.12,코어 울트라5,기타,8,256,1289230,2024.03.,4.7,23,LG전자,108.10000000000001,2024
204,LG전자 2025 그램 프로17 17Z90TP-GA5BK,17.0,1.369,코어 울트라5,내장그래픽,16,256,1603570,2025.02.,5.0,4,LG전자,20.0,2025
205,"APPLE 맥북프로14 M3 8코어 CPU, 10코어 GPU 그레이",14.2,1.55,M3,기타,8,512,1598000,2023.11.,5.0,74,APPLE,370.0,2023
206,LG전자 2025 그램 프로17 17Z90TP-GA5MK,17.0,1.369,코어 울트라5,내장그래픽,16,256,1609350,2025.01.,,,LG전자,,2025
207,LG전자 2025 그램 프로17 17Z90TP-GA5LK,17.0,1.369,코어 울트라5,내장그래픽,16,512,1636330,2025.01.,4.7,24,LG전자,112.80000000000001,2025
208,삼성전자 갤럭시북5 프로H NT965XHW-A51A WIN11,16.0,1.56,코어 울트라5,내장그래픽,16,256,1675990,2025.02.,5.0,1,삼성전자,5.0,2025
209,LG전자 그램17 17Z90T-GP7HL,17.0,1.35,코어 울트라7,내장그래픽,32,512,2332210,2025.05.,,,LG전자,,2025
210,LG전자 2024 그램17 17ZD90SU-GX76K,17.0,1.39,코어 울트라7,기타,8,256,1522860,2024.03.,4.9,24,LG전자,117.60000000000001,2024
211,LG전자 2025 그램 프로17 17Z90TP-GA50K,17.0,1.369,코어 울트라5,내장그래픽,16,256,1579180,2025.01.,4.8,9,LG전자,43.199999999999996,2025
212,LG전자 그램 프로17 17Z90SP-EA5HK,17.0,1.379,코어 울트라5,RTX3050,16,512,1999000,2024.02.,4.8,20,LG전자,96.0,2024
213,LG전자 울트라PC 15U50R-SAOWK,15.6,1.8,코어i5-13세대,기타,16,512,1004640,2025.07.,4.9,15,LG전자,73.5,2025
214,LG전자 2025 그램14 14Z90T-GA5JK,14.0,1.12,코어 울트라5,내장그래픽,16,512,1345220,2025.01.,5.0,1,LG전자,5.0,2025
215,LG전자 그램15 15Z80T-GS5MK,15.6,1.29,라이젠AI 5,내장그래픽,16,512,1277860,2025.04.,5.0,1,LG전자,5.0,2025
216,삼성전자 갤럭시북4 NT750XGR-A38A,15.6,1.55,코어i3-13세대,기타,8,256,639990,2024.03.,4.9,"1,195",삼성전자,,2024
217,LG전자 2024 그램15 15ZD90S-GX76K WIN11,15.6,1.3,코어 울트라7,내장그래픽,16,256,1454920,2024.02.,5.0,1,LG전자,5.0,2024
218,LG전자 2023 울트라PC 15U50R-GP50ML 16GB램,15.6,1.8,코어i5-13세대,기타,16,256,778990,2023.10.,,,LG전자,,2023
219,삼성전자 갤럭시북5 프로 NT940XHA-KC51G,14.0,1.23,코어 울트라5,내장그래픽,16,512,1729000,2025.01.,4.5,9,삼성전자,40.5,2025
220,LG전자 그램17 17Z90T-GP7UL,17.0,1.35,코어 울트라7,내장그래픽,32,512,2217810,2025.05.,,,LG전자,,2025
222,LG전자 2024 그램17 17Z90S-GP7AL,17.0,1.35,코어 울트라7,내장그래픽,32,512,2017910,2024.05.,5.0,2,LG전자,10.0,2024
223,삼성전자 갤럭시북3 프로 NT960XFG-K71A,16.0,1.56,코어i7-13세대,기타,16,512,1548990,2023.02.,4.9,717,삼성전자,3513.3,2023
224,LG전자 그램15 15Z90T U5,15.6,1.29,코어 울트라5,내장그래픽,16,512,1554140,2025.02.,,,LG전자,,2025
225,LG전자 2024 그램15 15Z90S-GP7UL,15.6,1.3,코어 울트라7,내장그래픽,32,512,1876360,2024.05.,5.0,2,LG전자,10.0,2024
226,삼성전자 갤럭시북4 프로 NT940XGQ-A51A WIN11,14.0,1.23,코어 울트라5,내장그래픽,16,256,1408080,2024.04.,5.0,3,삼성전자,15.0,2024
227,LG전자 2023 그램17 17Z90R-GA76K,17.0,1.35,코어i7-13세대,기타,16,256,1578990,2023.01.,4.9,58,LG전자,284.20000000000005,2023
228,LG전자 그램15 15Z90S-GP5CL,15.6,1.29,코어 울트라5,내장그래픽,32,512,1618350,2025.08.,4.8,5,LG전자,24.0,2025
230,LG전자 울트라PC 15UD50T-GX5JK WIN11 64GB램,15.6,1.7,코어i5-13세대,기타,64,256,846670,2025.02.,,,LG전자,,2025
231,LG전자 그램16 16ZD90RU-GX54K WIN10,16.0,1.199,코어i5-13세대,기타,16,256,1136990,2025.01.,,,LG전자,,2025
232,LG전자 2025 그램14 14Z90T-GA50K,14.0,1.12,코어 울트라5,내장그래픽,16,256,1318990,2025.01.,5.0,1,LG전자,5.0,2025
233,삼성전자 갤럭시북4 프로 NT960XGK-KG51G,16.0,1.56,코어 울트라5,내장그래픽,16,512,1789390,2024.07.,,,삼성전자,,2024
234,"APPLE 맥북에어13 M3 8코어 CPU, 10코어 GPU 블루",13.6,1.24,M3,기타,8,512,1375850,2024.03.,4.8,60,APPLE,288.0,2024
235,LG전자 그램16 16Z90T U5,16.0,1.12,코어 울트라5,내장그래픽,16,512,1757040,2025.05.,,,LG전자,,2025
236,LG전자 그램14 14Z90T-GP56ML,14.0,1.12,코어 울트라5,내장그래픽,16,256,1438990,2025.07.,5.0,2,LG전자,10.0,2025
238,삼성전자 갤럭시북 프로 SE NT950XFG i5 32GB램,15.6,1.11,코어i5-13세대,기타,32,256,1500240,2025.02.,,,삼성전자,,2025
239,LG전자 그램15 15ZB90S-GA7NL,15.6,1.29,코어 울트라7,기타,16,256,1632760,2025.02.,,,LG전자,,2025
240,LG전자 2025 그램 프로16 16Z90TP-GA50K,16.0,1.199,코어 울트라5,내장그래픽,16,512,1748000,2025.01.,4.9,18,LG전자,88.2,2025
241,삼성전자 갤럭시북4 NT750XGJ-KH31G,15.6,1.55,코어i3-13세대,기타,16,256,773240,2024.07.,4.6,131,삼성전자,602.5999999999999,2024
243,LG전자 2024 그램16 16ZD90SU-GXF6K WIN11 16GB램,16.0,1.12,코어 울트라5,내장그래픽,16,256,1283030,2025.02.,,,LG전자,,2025
244,LG전자 울트라PC 15U55T-GP7KL 32GB램,15.6,1.7,코어 울트라7,기타,32,512,1677570,2025.09.,,,LG전자,,2025
245,LG전자 그램17 17Z90T-GP7KL,17.0,1.35,코어 울트라7,내장그래픽,16,512,2199000,2025.05.,,,LG전자,,2025
246,LG전자 울트라PC 15U50T-GA5VK 32GB램,15.6,1.7,코어i5-13세대,기타,32,512,838100,2025.02.,4.5,4,LG전자,18.0,2025
247,삼성전자 갤럭시북4 NT750XGR-A58A WIN11,15.6,1.55,코어i5-13세대,기타,8,256,829000,2024.04.,,,삼성전자,,2024
248,삼성전자 갤럭시북4 프로 NT940XGQ-A71A WIN11,14.0,1.23,코어 울트라7,내장그래픽,16,256,1740000,2024.05.,,,삼성전자,,2024
249,LG전자 울트라PC 15UG50S-GP55KN 32GB램,15.6,1.77,코어 울트라5,기타,32,512,1406000,2025.07.,,,LG전자,,2025
250,LG전자 울트라PC 15U50T-GROWK 32GB램,15.6,1.7,코어i5-13세대,기타,32,256,791790,2024.11.,5.0,1,LG전자,5.0,2024
251,LG전자 그램17 17Z90S-GA5DK,17.0,1.35,코어 울트라5,내장그래픽,16,256,1468990,2025.03.,,,LG전자,,2025
252,삼성전자 NT371B5L i5 중고,15.6,2.3,코어i5-6세대,기타,4,128,238000,2017.12.,4.5,2,삼성전자,9.0,2017
254,LG전자 2023 울트라PC 15UD40R-GX56K WIN11 16GB램,15.6,1.75,라이젠5,내장그래픽,16,256,703590,2023.03.,4.8,124,LG전자,595.1999999999999,2023
255,삼성전자 NT371B5L i5 920MX 중고,15.6,2.3,코어i5-6세대,기타,8,128,245170,2017.12.,5.0,1,삼성전자,5.0,2017
257,APPLE 맥북프로16 M1프로 중고,16.2,2.1,M1 Pro,기타,16,512,1212550,2024.10.,,,APPLE,,2024
258,삼성전자 갤럭시북 프로 SE NT950XGQ-A71A,15.6,1.13,코어 울트라7,내장그래픽,16,512,1420000,2024.04.,4.9,32,삼성전자,156.8,2024
259,삼성전자 NT950XDB i7 중고,15.6,1.05,코어i7-11세대,기타,16,256,590000,2021.04.,4.9,12,삼성전자,58.800000000000004,2021
260,삼성전자 갤럭시북4 프로 NT960XGK-KC71S,16.0,1.56,코어 울트라7,내장그래픽,16,512,1766990,2024.01.,5.0,4,삼성전자,20.0,2024
262,삼성전자 갤럭시북5 NT750XHD-KC58G,15.6,1.55,코어 울트라5,기타,8,256,1279000,2025.07.,,,삼성전자,,2025
263,LG전자 울트라PC 15UD50T-GX5JK WIN11 32GB램,15.6,1.7,코어i5-13세대,기타,32,256,832190,2024.12.,5.0,1,LG전자,5.0,2024
264,LG전자 2025 그램 프로17 17Z90TP-GA5HK,17.0,1.369,코어 울트라5,내장그래픽,16,512,1688990,2025.01.,4.9,95,LG전자,465.50000000000006,2025
265,LG전자 2025 그램 프로16 16Z90TS-GS56K,16.0,1.239,코어 울트라5,내장그래픽,16,256,1598630,2025.01.,4.9,148,LG전자,725.2,2025
266,삼성전자 갤럭시북4 NT750XGJ-KC31G,15.6,1.55,코어i3-13세대,기타,16,256,774100,2024.08.,,,삼성전자,,2024
267,삼성전자 갤럭시북4 NT750XGJ-KC51G,15.6,1.55,코어i5-13세대,기타,16,256,870000,2024.08.,,,삼성전자,,2024
268,LG전자 2024 그램16 16ZD90SU-GX56K WIN11,16.0,1.12,코어 울트라5,기타,8,256,1240000,2024.04.,5.0,2,LG전자,10.0,2024
269,LG전자 2025 그램 프로16 16Z90TP-GA5YK,16.0,1.199,코어 울트라5,내장그래픽,16,256,1654000,2025.01.,5.0,48,LG전자,240.0,2025
270,삼성전자 갤럭시북4 NT750XGJ-KG58G,15.6,1.55,코어i5-13세대,기타,8,512,910540,2024.08.,,,삼성전자,,2024
271,LG전자 울트라PC 15U50T-GR50K,15.6,1.7,코어i5-13세대,기타,8,256,636990,2024.11.,4.7,81,LG전자,380.7,2024
272,삼성전자 갤럭시북5 프로 NT940XHA-KC51S,14.0,1.23,코어 울트라5,내장그래픽,16,512,1786000,2025.01.,5.0,5,삼성전자,25.0,2025
273,LG전자 2024 그램15 15Z90S-GA50K,15.6,1.29,코어 울트라5,내장그래픽,16,256,1398990,2024.01.,,,LG전자,,2024
274,삼성전자 NT551XDA i7 MX450 중고,15.6,1.81,코어i7-11세대,기타,8,256,420000,2021.01.,4.5,2,삼성전자,9.0,2021
275,삼성전자 갤럭시북4 NT750XGK-KC50G,15.6,1.55,코어5,기타,16,256,1299000,2024.08.,,,삼성전자,,2024
276,LG전자 15N365 i5 중고,15.6,2.1,코어i5-6세대,기타,8,128,198940,2017.07.,4.0,4,LG전자,16.0,2017
277,LG전자 그램 프로16 16Z90SP-GA5CK,16.0,1.199,코어 울트라5,내장그래픽,16,256,1438820,2024.01.,4.8,230,LG전자,1104.0,2024
278,삼성전자 갤럭시북4 NT750XGJ-KH51G,15.6,1.55,코어i5-13세대,기타,16,256,845000,2024.04.,4.6,127,삼성전자,584.1999999999999,2024
279,삼성전자 갤럭시북4 프로 NT960XGK-KC51S,16.0,1.56,코어 울트라5,내장그래픽,16,512,1673990,2024.01.,4.9,55,삼성전자,269.5,2024
280,LG전자 2025 그램 프로17 17Z90TP-GA5YK,17.0,1.369,코어 울트라5,내장그래픽,16,256,1718600,2025.01.,4.8,26,LG전자,124.8,2025
281,LG전자 2025 그램 프로16 16Z90TS-GS5HK,16.0,1.239,코어 울트라5,내장그래픽,16,512,1656730,2025.01.,4.9,113,LG전자,553.7,2025
282,LG전자 2025 그램 프로16 16ZD90TP-GX5BK WIN11,16.0,1.199,코어 울트라5,내장그래픽,16,256,1547700,2025.01.,5.0,1,LG전자,5.0,2025
283,삼성전자 갤럭시북5 프로 NT960XHA-KC71G,16.0,1.56,코어 울트라7,내장그래픽,16,512,2068710,2025.01.,5.0,1,삼성전자,5.0,2025
284,LG전자 2025 그램 프로16 16Z90TP-GA5JK,16.0,1.199,코어 울트라5,내장그래픽,16,512,1702840,2025.01.,4.6,20,LG전자,92.0,2025
285,삼성전자 갤럭시북5 프로 NT960XHA-KC51S,16.0,1.56,코어 울트라5,내장그래픽,16,512,1889000,2025.01.,4.8,6,삼성전자,28.799999999999997,2025
287,LG전자 2025 그램 프로16 16Z90TP-KA5BK,16.0,1.199,코어 울트라5,내장그래픽,16,512,1829000,2025.01.,4.9,201,LG전자,984.9000000000001,2025
288,LG전자 2024 그램16 16Z90SU-GRF6K,16.0,1.12,코어 울트라5,내장그래픽,8,256,1268310,2025.02.,5.0,40,LG전자,200.0,2025
289,LG전자 2024 그램14 14Z90S-GA5PK,14.0,1.12,코어 울트라5,내장그래픽,16,256,1199820,2024.01.,4.8,98,LG전자,470.4,2024
290,LG전자 그램15 15ZD80T-GX76K,15.6,1.29,라이젠AI 7,내장그래픽,16,256,1398460,2025.04.,5.0,4,LG전자,20.0,2025
291,LG전자 2023 그램16 16ZD90RU-GX56K,16.0,1.199,코어i5-13세대,기타,16,256,1167700,2023.04.,4.8,597,LG전자,2865.6,2023
292,삼성전자 갤럭시북5 프로360 NT960QHA-KC51S,16.0,1.69,코어 울트라5,내장그래픽,16,512,2099540,2024.11.,4.7,7,삼성전자,32.9,2024
294,삼성전자 갤럭시북4 프로360 NT960QGK-KC71G,16.0,1.66,코어 울트라7,내장그래픽,16,512,1933890,2024.01.,5.0,13,삼성전자,65.0,2024
295,LG전자 그램 프로360 16TD90SP-KX76K,16.0,1.399,코어 울트라7,내장그래픽,16,256,1598990,2024.01.,4.9,81,LG전자,396.90000000000003,2024
296,LG전자 2025 그램 프로17 17Z90TP-GD7BK,17.0,1.369,코어 울트라7,내장그래픽,32,512,2202190,2025.02.,4.9,66,LG전자,323.40000000000003,2025
297,삼성전자 갤럭시북5 프로360 NT960QHA-KD72G,16.0,1.69,코어 울트라7,내장그래픽,32,1024,2859770,2024.11.,4.8,9,삼성전자,43.199999999999996,2024
298,LG전자 2023 그램17 17ZD90RU-GX54K,17.0,1.35,코어i5-13세대,기타,16,256,1250170,2024.11.,5.0,9,LG전자,45.0,2024
299,삼성전자 노트북 플러스2 NT550XDZ-AD5AH WIN10 16GB램,15.6,1.81,코어i5-11세대,기타,16,256,890000,2021.10.,5.0,5,삼성전자,25.0,2021
300,LG전자 2025 그램14 14ZD90T-GX50K,14.0,1.12,코어 울트라5,내장그래픽,16,512,1348820,2025.01.,5.0,35,LG전자,175.0,2025
301,삼성전자 갤럭시북 프로 SE NT950XFT-A51A WIN11,15.6,1.11,코어i5-13세대,기타,16,256,1198990,2023.02.,5.0,9,삼성전자,45.0,2023
302,LG전자 2023 그램15 15ZD90RU-GX56K,15.6,1.14,코어i5-13세대,기타,16,256,1129860,2023.04.,4.9,811,LG전자,3973.9,2023
303,LG전자 그램 프로360 16TD90SP-KX56K,16.0,1.399,코어 울트라5,내장그래픽,16,256,1578760,2024.01.,4.9,166,LG전자,813.4000000000001,2024
304,LG전자 그램 프로17 17Z90TR-EA5BK,17.0,1.48,코어 울트라5,RTX5050,32,512,2799000,2025.08.,4.9,24,LG전자,117.60000000000001,2025
305,LG전자 2024 그램16 16ZD90SU-GX56K,16.0,1.12,코어 울트라5,기타,8,256,1288000,2024.03.,4.8,200,LG전자,960.0,2024
306,삼성전자 갤럭시북5 프로360 NT960QHA-K71A,16.0,1.69,코어 울트라7,내장그래픽,16,512,2290000,2025.01.,4.9,91,삼성전자,445.90000000000003,2025
307,LG전자 그램 프로16 16ZD90SP-GX56K,16.0,1.199,코어 울트라5,내장그래픽,16,256,1418990,2024.01.,4.8,647,LG전자,3105.6,2024
308,삼성전자 갤럭시북4 프로360 NT960QGK-K71AR,16.0,1.66,코어 울트라7,내장그래픽,32,1024,2349000,2024.01.,4.9,495,삼성전자,2425.5,2024
309,LG전자 2025 그램 프로17 17ZD90TR-SX59K,17.0,1.48,코어 울트라5,RTX4050,32,512,2362160,2025.01.,4.9,25,LG전자,122.50000000000001,2025
310,LG전자 2025 그램15 15Z90T-GA5YK,15.6,1.29,코어 울트라5,내장그래픽,16,256,1395960,2025.01.,4.9,42,LG전자,205.8,2025
311,삼성전자 갤럭시북4 프로 NT940XGK-KC51G,14.0,1.23,코어 울트라5,내장그래픽,16,512,1441540,2024.01.,4.6,41,삼성전자,188.6,2024
312,LG전자 2024 그램15 15Z90S-GA5PK,15.6,1.29,코어 울트라5,내장그래픽,16,256,1308410,2024.01.,4.9,192,LG전자,940.8000000000001,2024
313,LG전자 그램 프로16 16Z90SP-ED7HK,16.0,1.279,코어 울트라7,RTX3050,32,512,2302990,2024.01.,4.9,114,LG전자,558.6,2024
314,삼성전자 갤럭시북4 NT750XGJ-KP51G,15.6,1.55,코어i5-13세대,기타,16,256,899000,2024.08.,,,삼성전자,,2024
315,LG전자 2024 그램16 16ZD90SU-GXF6K,16.0,1.12,코어 울트라5,내장그래픽,8,256,1264870,2025.02.,4.8,84,LG전자,403.2,2025
316,LG전자 2025 그램 프로360 16T90TP-GA5HK,16.0,1.399,코어 울트라5,내장그래픽,16,512,1837000,2025.01.,4.9,104,LG전자,509.6,2025
317,LG전자 그램 프로16 16Z90SP-KAOWK,16.0,1.199,코어 울트라5,내장그래픽,16,512,1649000,2024.01.,4.9,"1,976",LG전자,,2024
318,LG전자 2025 그램15 15ZD90T-GX76K WIN11,15.6,1.29,코어 울트라7,내장그래픽,16,256,1601200,2025.01.,,,LG전자,,2025
319,LG전자 2024 그램16 16ZD90SU-GXF6K WIN11,16.0,1.12,코어 울트라5,내장그래픽,8,256,1269630,2025.02.,,,LG전자,,2025
320,LG전자 2025 그램 프로17 17ZD90TR-SX79K WIN11,17.0,1.48,코어 울트라7,RTX4050,32,512,2508460,2025.02.,5.0,3,LG전자,15.0,2025
321,LG전자 2023 그램17 17Z90R-GA5VK,17.0,1.35,코어i5-13세대,기타,16,256,1328800,2024.05.,4.7,21,LG전자,98.7,2024
322,LG전자 2025 그램 프로360 16TD90TP-GX56K WIN11,16.0,1.399,코어 울트라5,내장그래픽,16,256,1735000,2025.01.,,,LG전자,,2025
323,LG전자 2024 그램16 16Z90S-GA5HK,16.0,1.199,코어 울트라5,내장그래픽,16,512,1424000,2024.03.,4.5,12,LG전자,54.0,2024
324,삼성전자 갤럭시북4 프로360 NT960QGK-K71A,16.0,1.66,코어 울트라7,내장그래픽,16,512,1989990,2024.01.,4.9,604,삼성전자,2959.6000000000004,2024
325,삼성전자 갤럭시북5 프로H NT965XHW-A52A,16.0,1.56,코어 울트라5,내장그래픽,32,256,1818000,2025.01.,4.8,46,삼성전자,220.79999999999998,2025
326,삼성전자 갤럭시북5 프로360 NT960QHA-KC71S,16.0,1.69,코어 울트라7,내장그래픽,16,512,2298820,2024.11.,5.0,2,삼성전자,10.0,2024
327,LG전자 2025 그램 프로17 17ZD90TR-SX5BK,17.0,1.48,코어 울트라5,RTX4050,32,512,2378510,2025.01.,5.0,5,LG전자,25.0,2025
328,삼성전자 갤럭시북4 프로360 NT960QGK-KC71S,16.0,1.66,코어 울트라7,내장그래픽,16,512,1896990,2024.01.,4.6,5,삼성전자,23.0,2024
329,LG전자 2025 그램 프로17 17ZD90TR-SX7BK WIN11,17.0,1.48,코어 울트라7,RTX4050,32,512,2509760,2025.02.,,,LG전자,,2025
330,삼성전자 갤럭시북4 NT750XGR-A31A WIN11,15.6,1.55,코어i3-13세대,기타,16,256,715490,2024.04.,4.7,17,삼성전자,79.9,2024
331,LG전자 2025 그램15 15ZD90T-GX76K,15.6,1.29,코어 울트라7,내장그래픽,16,256,1560410,2025.01.,5.0,5,LG전자,25.0,2025
332,LG전자 2023 그램16 16Z90R-GA5VK,16.0,1.199,코어i5-13세대,기타,16,256,1370000,2024.04.,4.9,45,LG전자,220.50000000000003,2024
333,LG전자 2025 그램 프로16 16ZD90TP-GX79K,16.0,1.199,코어 울트라7,내장그래픽,32,256,2198990,2025.01.,4.9,20,LG전자,98.0,2025
334,LG전자 2023 그램15 15ZD90RU-GX56K WIN11,15.6,1.14,코어i5-13세대,기타,16,256,1140530,2023.05.,4.8,20,LG전자,96.0,2023
336,LG전자 2025 그램 프로16 16ZD90TR-SX59K WIN11,16.0,1.36,코어 울트라5,RTX4050,32,512,2289540,2025.02.,,,LG전자,,2025
337,LG전자 2025 그램 프로16 16ZD90TR-SXSWK,16.0,1.36,코어 울트라7,RTX4050,32,512,2441000,2025.08.,,,LG전자,,2025
338,LG전자 그램15 15ZD80T-GX76K WIN11,15.6,1.29,라이젠AI 7,내장그래픽,16,256,1414300,2025.04.,,,LG전자,,2025
339,삼성전자 갤럭시북4 프로 NT960XGQ-A51A,16.0,1.56,코어 울트라5,내장그래픽,16,256,1549580,2024.01.,4.9,"4,088",삼성전자,,2024
340,LG전자 2025 그램 프로16 16Z90TP-GA5MK,16.0,1.199,코어 울트라5,내장그래픽,16,256,1598450,2025.01.,,,LG전자,,2025
341,LG전자 2025 그램 프로17 17ZD90TP-GX5BK,17.0,1.369,코어 울트라5,내장그래픽,16,256,1675280,2025.01.,4.5,9,LG전자,40.5,2025
342,LG전자 2024 그램16 16Z90S-GA5NK,16.0,1.199,코어 울트라5,내장그래픽,16,256,1369000,2025.01.,4.8,20,LG전자,96.0,2025
343,LG전자 2024 그램14 14Z90S-GA56K,14.0,1.12,코어 울트라5,내장그래픽,16,512,1265860,2024.01.,4.9,205,LG전자,1004.5000000000001,2024
344,LG전자 2024 그램16 16Z90S-GALGL,16.0,1.199,코어 울트라5,내장그래픽,16,256,1408140,2025.02.,5.0,2,LG전자,10.0,2025
345,LG전자 2025 그램 프로17 17ZD90TR-SXSBK WIN11,17.0,1.48,코어 울트라7,RTX4050,32,512,2567870,2025.09.,,,LG전자,,2025
346,LG전자 그램 프로16 16Z90SP-KDOVK,16.0,1.199,코어 울트라7,내장그래픽,32,1024,2098990,2024.01.,4.9,331,LG전자,1621.9,2024
347,LG전자 그램 프로17 17Z90SP-GA5CK,17.0,1.299,코어 울트라5,내장그래픽,16,256,1498160,2024.01.,4.9,62,LG전자,303.8,2024
348,LG전자 그램 프로17 17Z90SP-GA70K,17.0,1.299,코어 울트라7,내장그래픽,16,512,1929970,2024.01.,4.9,22,LG전자,107.80000000000001,2024
350,LG전자 2025 그램 프로16 16Z90TR-SDSWK,16.0,1.36,코어 울트라7,RTX4050,32,1024,2695990,2025.08.,,,LG전자,,2025
351,LG전자 그램 프로360 16T90SP-KA5HK,16.0,1.399,코어 울트라5,내장그래픽,16,512,1648000,2024.01.,4.9,81,LG전자,396.90000000000003,2024
352,LG전자 그램 프로16 16Z90SP-GA5BK,16.0,1.199,코어 울트라5,내장그래픽,16,512,1498110,2024.04.,4.8,68,LG전자,326.4,2024
353,LG전자 2025 그램 프로16 16ZD90TR-SX7BK WIN11,16.0,1.36,코어 울트라7,RTX4050,32,512,2457000,2025.02.,,,LG전자,,2025
354,삼성전자 갤럭시북 프로 SE NT950XGQ-A51A,15.6,1.13,코어 울트라5,내장그래픽,16,512,1368250,2024.04.,4.9,58,삼성전자,284.20000000000005,2024
355,LG전자 2023 울트라PC 15UD50R-GX56K,15.6,1.8,코어i5-13세대,기타,8,256,618980,2023.05.,4.9,217,LG전자,1063.3000000000002,2023
356,삼성전자 갤럭시북3 프로360 NT960QFG-K71AR,16.0,1.66,코어i7-13세대,기타,32,1024,1898990,2023.02.,4.9,343,삼성전자,1680.7,2023
357,LG전자 2024 그램15 15ZD90S-GX76K,15.6,1.3,코어 울트라7,내장그래픽,16,256,1434180,2024.01.,4.8,27,LG전자,129.6,2024
358,LG전자 그램 프로17 17Z90SP-ED7HK,17.0,1.379,코어 울트라7,RTX3050,32,512,2343190,2024.01.,4.8,187,LG전자,897.6,2024
359,LG전자 2024 그램17 17Z90S-GAOWK,17.0,1.35,코어 울트라5,내장그래픽,16,512,1509000,2024.01.,4.9,108,LG전자,529.2,2024
360,LG전자 2023 그램17 17ZD90RU-GX56K,17.0,1.35,코어i5-13세대,기타,16,256,1196000,2023.04.,4.8,298,LG전자,1430.3999999999999,2023
362,LG전자 그램 프로360 16T90SP-KA5BK,16.0,1.399,코어 울트라5,내장그래픽,16,512,1632700,2024.03.,4.8,200,LG전자,960.0,2024
363,LG전자 2024 그램17 17ZD90SU-GX56K WIN11 16GB램,17.0,1.39,코어 울트라5,기타,16,256,1362780,2024.03.,4.0,1,LG전자,4.0,2024
364,LG전자 그램 프로16 16Z90SP-KA5BK,16.0,1.199,코어 울트라5,내장그래픽,32,512,1798990,2024.04.,4.9,41,LG전자,200.9,2024
365,삼성전자 갤럭시북4 프로 NT960XGK-KC71G,16.0,1.56,코어 울트라7,내장그래픽,16,512,1766990,2024.01.,4.6,11,삼성전자,50.599999999999994,2024
366,LG전자 2025 그램 프로16 16ZD90TR-SXFWK WIN11,16.0,1.36,코어 울트라5,RTX4050,32,512,2267910,2025.08.,,,LG전자,,2025
367,LG전자 2024 그램15 15ZD90S-GX56K WIN11,15.6,1.3,코어 울트라5,내장그래픽,16,256,1306390,2024.01.,4.8,15,LG전자,72.0,2024
368,LG전자 그램 프로16 16Z90SP-AD7VK,16.0,1.279,코어 울트라7,RTX3050,32,1024,2597980,2024.01.,4.8,281,LG전자,1348.8,2024
369,LG전자 그램 프로360 16TD90SP-KX56K WIN11,16.0,1.399,코어 울트라5,내장그래픽,16,256,1592170,2024.02.,5.0,1,LG전자,5.0,2024
370,LG전자 2025 그램 프로16 16Z90TS-GS5LK,16.0,1.199,코어 울트라5,내장그래픽,16,512,1678460,2025.03.,5.0,11,LG전자,55.0,2025
371,삼성전자 갤럭시북2 NT550XEZ-A58A,15.6,1.8,코어i5-12세대,기타,8,256,769000,2022.06.,4.8,"5,873",삼성전자,,2022
372,LG전자 2024 그램17 17ZD90SU-GX56K 16GB램,17.0,1.39,코어 울트라5,기타,16,256,1373940,2024.03.,5.0,1,LG전자,5.0,2024
373,LG전자 2024 그램16 16ZD90SU-GX56K 16GB램,16.0,1.12,코어 울트라5,기타,16,256,1288920,2024.05.,4.5,2,LG전자,9.0,2024
374,삼성전자 갤럭시북4 프로 NT960XGK-KC51G,16.0,1.56,코어 울트라5,내장그래픽,16,512,1548970,2024.01.,4.3,24,삼성전자,103.19999999999999,2024
375,LG전자 2025 그램 프로16 16Z90TR-SAFWK,16.0,1.36,코어 울트라5,RTX4050,32,512,2416240,2025.08.,5.0,9,LG전자,45.0,2025
377,LG전자 그램 프로17 17Z90SP-ED7BK,17.0,1.379,코어 울트라7,RTX3050,32,512,2380560,2024.01.,4.9,103,LG전자,504.70000000000005,2024
378,LG전자 그램 프로16 16Z90SP-GA7CK,16.0,1.199,코어 울트라7,내장그래픽,16,256,1519990,2024.01.,4.8,24,LG전자,115.19999999999999,2024
379,LG전자 2023 울트라PC 15U50R-GR36K,15.6,1.8,코어i3-13세대,기타,8,256,648320,2023.06.,4.4,13,LG전자,57.2,2023
380,LG전자 그램 프로16 16Z90SP-ED7BK,16.0,1.279,코어 울트라7,RTX3050,32,512,2406000,2024.01.,4.8,91,LG전자,436.8,2024
381,LG전자 그램15 15Z95N i5 중고,15.6,1.12,코어i5-11세대,기타,8,256,519000,2022.03.,5.0,3,LG전자,15.0,2022
382,LG전자 2025 그램 프로16 16ZD90TR-SX7BK,16.0,1.36,코어 울트라7,RTX4050,32,512,2497000,2025.01.,5.0,23,LG전자,115.0,2025
383,LG전자 2023 울트라PC 15U50R-GP30ML 16GB램,15.6,1.8,코어i3-13세대,기타,16,256,771530,2024.07.,,,LG전자,,2024
384,LG전자 그램 프로17 17ZD90SP-GX56K WIN11,17.0,1.299,코어 울트라5,내장그래픽,16,256,1566020,2024.03.,5.0,2,LG전자,10.0,2024
385,LG전자 그램 프로16 16Z90SP-GA70K,16.0,1.199,코어 울트라7,내장그래픽,16,512,1815000,2024.01.,5.0,18,LG전자,90.0,2024
386,LG전자 2023 울트라PC 15UD50R-GX56K 16GB램,15.6,1.8,코어i5-13세대,기타,16,256,627940,2023.06.,4.8,8,LG전자,38.4,2023
387,삼성전자 갤럭시북4 NT750XGL-XC51S,15.6,1.57,코어5,기타,16,512,1528890,2024.04.,4.8,9,삼성전자,43.199999999999996,2024
388,LG전자 2024 그램16 16Z90S-GA5CK,16.0,1.199,코어 울트라5,내장그래픽,16,256,1388000,2024.03.,5.0,25,LG전자,125.0,2024
389,LG전자 그램17 17Z90N i5 중고,17.0,1.35,코어i5-10세대,기타,16,256,1650000,2019.12.,,,LG전자,,2019
390,LG전자 2025 그램 프로17 17Z90TR-SA5BK,17.0,1.48,코어 울트라5,RTX4050,32,512,2408810,2025.02.,5.0,17,LG전자,85.0,2025
391,LG전자 15U590 i5 중고,15.6,1.75,코어i5-8세대,기타,8,256,327000,2019.03.,5.0,7,LG전자,35.0,2019
392,LG전자 2024 그램15 15Z90S-GA5HK,15.6,1.29,코어 울트라5,내장그래픽,16,512,1348420,2024.01.,4.9,90,LG전자,441.00000000000006,2024
393,LG전자 2023 울트라PC 15UD50R-GX56K WIN11,15.6,1.8,코어i5-13세대,기타,8,256,653510,2023.06.,4.5,12,LG전자,54.0,2023
394,LG전자 2025 그램 프로16 16ZD90TR-SX59K,16.0,1.36,코어 울트라5,RTX4050,32,512,2313000,2025.01.,4.7,24,LG전자,112.80000000000001,2025
396,LG전자 2025 그램 프로17 17Z90TR-SD7LK,17.0,1.48,코어 울트라7,RTX4050,32,512,2619150,2025.01.,5.0,1,LG전자,5.0,2025
398,삼성전자 갤럭시북4 울트라 NT960XGL-XC72G,16.0,1.86,코어 울트라7,RTX4050,32,1024,3290000,2024.01.,4.7,41,삼성전자,192.70000000000002,2024
399,LG전자 그램 프로17 17Z90TR-EP7CL,17.0,1.48,코어 울트라7,RTX5050,32,512,2942990,2025.11.,,,LG전자,,2025
400,삼성전자 갤럭시북3 프로360 NT960QFG-KC71G,16.0,1.66,코어i7-13세대,기타,16,512,1598990,2023.02.,4.7,21,삼성전자,98.7,2023
401,LG전자 2025 그램 프로17 17ZD90TR-SXFBK WIN11,17.0,1.48,코어 울트라5,RTX4050,32,512,2447520,2025.09.,,,LG전자,,2025
402,삼성전자 갤럭시북5 프로 NT940XHA-KC71G,14.0,1.23,코어 울트라7,내장그래픽,16,512,2042490,2025.01.,,,삼성전자,,2025
403,삼성전자 갤럭시북3 NT750XFT-A51A,15.6,1.57,코어i5-13세대,기타,16,256,780000,2023.04.,4.8,"1,819",삼성전자,,2023
404,LG전자 2025 그램 프로17 17ZD90TR-SXSWK WIN11,17.0,1.48,코어 울트라7,RTX4050,32,512,2493870,2025.09.,,,LG전자,,2025
405,APPLE 맥북프로16 i7-9Gen 중고,16.0,2.0,코어i7-9세대,기타,16,512,599000,2021.05.,5.0,2,APPLE,10.0,2021
406,LG전자 2025 그램 프로16 16ZD90TS-GX56K WIN11,16.0,1.199,코어 울트라5,내장그래픽,16,256,1565470,2025.04.,,,LG전자,,2025
407,LG전자 2024 그램16 16Z90S-GA5BK,16.0,1.199,코어 울트라5,내장그래픽,16,512,1448990,2024.04.,4.9,63,LG전자,308.70000000000005,2024
408,LG전자 2023 그램16 16Z90R-GA5JK,16.0,1.199,코어i5-13세대,기타,16,256,1359000,2023.06.,4.9,287,LG전자,1406.3000000000002,2023
409,LG전자 2023 울트라PC 15UD40R-GX56K,15.6,1.75,라이젠5,내장그래픽,8,256,631990,2023.01.,4.7,121,LG전자,568.7,2023
410,삼성전자 갤럭시북5 프로H NT965XHW-A52A WIN11,16.0,1.56,코어 울트라5,내장그래픽,32,256,1913990,2025.02.,5.0,5,삼성전자,25.0,2025
411,삼성전자 갤럭시북4 NT750XGK-KH51G,15.6,1.55,코어5,기타,16,256,1190000,2024.04.,,,삼성전자,,2024
412,LG전자 2024 그램17 17ZD90SU-GX56K WIN11,17.0,1.39,코어 울트라5,기타,8,256,1373110,2024.03.,,,LG전자,,2024
413,LG전자 그램 프로360 16T90SP-KA5CK,16.0,1.399,코어 울트라5,내장그래픽,16,256,1605820,2024.01.,4.9,62,LG전자,303.8,2024
414,LG전자 2024 그램16 16Z90S-GA5SK,16.0,1.199,코어 울트라5,내장그래픽,16,512,1391000,2025.01.,4.6,21,LG전자,96.6,2025
415,삼성전자 갤럭시북4 프로 NT940XGK-KC51S,14.0,1.23,코어 울트라5,내장그래픽,16,512,1443420,2024.01.,4.7,18,삼성전자,84.60000000000001,2024
416,LG전자 2024 그램17 17Z90SU-GRF6K,17.0,1.39,코어 울트라5,내장그래픽,8,256,1473930,2025.02.,,,LG전자,,2025
417,삼성전자 갤럭시북4 NT750XGL-XL51G,15.6,1.57,코어5,기타,16,256,1397990,2024.04.,4.0,1,삼성전자,4.0,2024
418,LG전자 2023 울트라PC 15U50R-GR56K,15.6,1.8,코어i5-13세대,기타,8,256,658990,2023.05.,4.7,12,LG전자,56.400000000000006,2023
419,LG전자 2025 그램15 15Z90T-GA50K,15.6,1.29,코어 울트라5,내장그래픽,16,256,1403010,2025.01.,5.0,9,LG전자,45.0,2025
420,LG전자 2024 그램17 17Z90S-GA5CK,17.0,1.35,코어 울트라5,내장그래픽,16,256,1468980,2024.04.,5.0,14,LG전자,70.0,2024
421,LG전자 그램 프로360 16TD90SP-KX76K WIN11,16.0,1.399,코어 울트라7,내장그래픽,16,256,1598990,2024.03.,5.0,1,LG전자,5.0,2024
422,LG전자 2024 그램17 17Z90S-GA5BK,17.0,1.35,코어 울트라5,내장그래픽,16,512,1544220,2024.04.,4.9,53,LG전자,259.70000000000005,2024
423,LG전자 2024 그램16 16Z90S-GA5PK,16.0,1.199,코어 울트라5,내장그래픽,16,512,1446640,2024.04.,4.9,423,LG전자,2072.7000000000003,2024
424,LG전자 그램 프로16 16Z90SP-EA5BK,16.0,1.279,코어 울트라5,RTX3050,16,512,2138760,2024.01.,4.9,44,LG전자,215.60000000000002,2024
425,삼성전자 갤럭시북5 NT750XHW-A51A,15.6,1.55,코어 울트라5,기타,16,256,1260030,2025.12.,,,삼성전자,,2025
426,삼성전자 갤럭시북4 프로360 NT960QGK-KD72G,16.0,1.66,코어 울트라7,내장그래픽,32,1024,2359640,2024.01.,4.7,122,삼성전자,573.4,2024
427,LG전자 2025 그램 프로16 16ZD90TR-SXFWK,16.0,1.36,코어 울트라5,RTX4050,32,512,2279000,2025.08.,,,LG전자,,2025
428,LG전자 그램 프로16 16Z90SP-GA5HK,16.0,1.199,코어 울트라5,내장그래픽,16,512,1496620,2024.01.,4.9,341,LG전자,1670.9,2024
429,LG전자 2025 그램 프로360 16TD90TP-GX76K WIN11,16.0,1.399,코어 울트라7,내장그래픽,16,256,1948170,2025.01.,,,LG전자,,2025
430,LG전자 2025 그램 프로16 16ZD90TR-SX5BK,16.0,1.36,코어 울트라5,RTX4050,32,512,2308000,2025.01.,5.0,9,LG전자,45.0,2025
431,"APPLE 맥북프로16 M4프로 14코어 CPU, 20코어 GPU 실버",16.2,2.14,M4 Pro,기타,24,512,3578990,2024.11.,5.0,103,APPLE,515.0,2024
432,LG전자 2025 그램 프로17 17ZD90TR-SX59K WIN11,17.0,1.48,코어 울트라5,RTX4050,32,512,2390730,2025.02.,,,LG전자,,2025
433,LG전자 2025 그램 프로17 17ZD90TR-SXSWK,17.0,1.48,코어 울트라7,RTX4050,32,512,2523160,2025.09.,,,LG전자,,2025
434,삼성전자 갤럭시북5 프로360 NT960QHA-KA72G,16.0,1.69,코어 울트라7,내장그래픽,32,1024,3066580,2024.11.,,,삼성전자,,2024
435,삼성전자 갤럭시북4 프로360 NT960QGK-KC51G,16.0,1.66,코어 울트라5,내장그래픽,16,512,1896000,2024.01.,4.7,37,삼성전자,173.9,2024
436,LG전자 2024 그램14 14Z90S-GA5HK,14.0,1.12,코어 울트라5,내장그래픽,16,512,1249930,2024.01.,4.7,114,LG전자,535.8000000000001,2024
437,삼성전자 갤럭시북5 프로 NT940XHA-KD72S,14.0,1.23,코어 울트라7,내장그래픽,32,1024,2399000,2025.01.,5.0,1,삼성전자,5.0,2025
438,LG전자 그램 프로16 16ZD90SP-GX59K,16.0,1.199,코어 울트라5,내장그래픽,32,512,1851170,2024.01.,4.9,96,LG전자,470.40000000000003,2024
439,LG전자 2025 그램 프로16 16Z90TR-SD7LK,16.0,1.36,코어 울트라7,RTX4050,32,512,2534720,2025.01.,5.0,3,LG전자,15.0,2025
440,LG전자 2023 그램17 17ZD90RU-GX54K WIN11,17.0,1.35,코어i5-13세대,기타,16,256,1279840,2024.11.,,,LG전자,,2024
441,LG전자 그램 프로17 17Z90SP-GA5HK,17.0,1.299,코어 울트라5,내장그래픽,16,512,1498990,2024.01.,4.9,108,LG전자,529.2,2024
442,LG전자 2022 울트라PC 15U40Q-GR50K,15.6,1.75,라이젠5-4세대,내장그래픽,8,512,698870,2022.01.,,,LG전자,,2022
443,삼성전자 갤럭시북5 프로 NT960XHA-KD72S,16.0,1.56,코어 울트라7,내장그래픽,32,1024,2599000,2025.01.,,,삼성전자,,2025
444,LG전자 2025 그램 프로17 17ZD90TP-GX59K WIN11,17.0,1.369,코어 울트라5,내장그래픽,32,256,1979390,2025.01.,,,LG전자,,2025
445,LG전자 2025 그램15 15Z90T-GA5JK,15.6,1.29,코어 울트라5,내장그래픽,16,512,1455960,2025.01.,,,LG전자,,2025
446,LG전자 2025 그램 프로17 17Z90TP-GA70K,17.0,1.369,코어 울트라7,내장그래픽,16,512,2248990,2025.01.,5.0,8,LG전자,40.0,2025
447,LG전자 2024 그램15 15Z90S-GA5JK,15.6,1.3,코어 울트라5,내장그래픽,16,512,1366300,2024.01.,5.0,4,LG전자,20.0,2024
448,LG전자 그램 프로16 16ZD90SP-GX76K,16.0,1.199,코어 울트라7,내장그래픽,16,256,1658380,2024.01.,4.9,37,LG전자,181.3,2024
449,LG전자 그램 프로17 17Z90SP-GA7CK,17.0,1.299,코어 울트라7,내장그래픽,16,256,1950890,2024.01.,5.0,8,LG전자,40.0,2024
450,삼성전자 갤럭시북4 360 NT750QGQ-A51A,15.6,1.46,코어5,기타,16,256,1348880,2025.02.,4.9,34,삼성전자,166.60000000000002,2025
451,삼성전자 갤럭시북3 프로 NT940XFT-A51A,14.0,1.17,코어i5-13세대,기타,16,256,1288990,2023.02.,4.9,"2,582",삼성전자,,2023
452,삼성전자 갤럭시북5 NT750XHW-A71A,15.6,1.55,코어 울트라7,기타,16,256,1448000,2025.12.,,,삼성전자,,2025
453,삼성전자 갤럭시북4 NT750XGK-KD51G,15.6,1.55,코어5,기타,16,256,1250000,2024.06.,5.0,4,삼성전자,20.0,2024
454,LG전자 2023 그램16 16Z90R-GA50K,16.0,1.199,코어i5-13세대,기타,16,256,1378980,2023.01.,4.8,16,LG전자,76.8,2023
455,LG전자 그램 프로16 16Z90SP-KAOBK,16.0,1.199,코어 울트라5,내장그래픽,16,512,1649000,2024.01.,4.9,546,LG전자,2675.4,2024
456,LG전자 2023 울트라PC 15U40R-GR36K,15.6,1.75,라이젠3,내장그래픽,8,256,658990,2023.01.,4.8,15,LG전자,72.0,2023
457,LG전자 2023 울트라PC 15UD50R-GX5RK WIN11,15.6,1.8,코어i5-13세대,기타,16,256,677590,2024.07.,4.4,7,LG전자,30.800000000000004,2024
458,삼성전자 갤럭시북4 프로360 NT960QGK-KH51G,16.0,1.66,코어 울트라5,내장그래픽,16,512,1699000,2024.01.,4.0,140,삼성전자,560.0,2024
459,LG전자 그램 프로17 17ZD90SP-GX59K,17.0,1.299,코어 울트라5,내장그래픽,32,512,1834990,2024.01.,4.9,41,LG전자,200.9,2024
460,"APPLE 맥북프로14 M4프로 14코어 CPU, 20코어 GPU 블랙",14.2,1.6,M4 Pro,기타,24,1024,3306510,2024.11.,4.9,73,APPLE,357.70000000000005,2024
461,LG전자 2025 그램 프로17 17ZD90TP-GX5BK WIN11,17.0,1.369,코어 울트라5,내장그래픽,16,256,1661530,2025.01.,,,LG전자,,2025
462,LG전자 그램 프로16 16ZD90SP-GX59K WIN11,16.0,1.199,코어 울트라5,내장그래픽,32,512,1912000,2024.01.,4.5,8,LG전자,36.0,2024
463,"APPLE 맥북프로14 M3 8코어 CPU, 10코어 GPU 실버",14.2,1.55,M3,기타,8,512,1749980,2023.11.,5.0,42,APPLE,210.0,2023
464,LG전자 그램 프로360 16T90SP-KD7BK,16.0,1.399,코어 울트라7,내장그래픽,32,1024,2478800,2024.03.,4.9,230,LG전자,1127.0,2024
465,LG전자 다나와인증 15Z95P LT2505006204,15.3,1.12,코어i7-11세대,기타,16,240,790000,2025.10.,,,LG전자,,2025
466,삼성전자 갤럭시북4 프로 NT960XGK-K71AR,16.0,1.56,코어 울트라7,내장그래픽,32,1024,2196000,2024.01.,4.9,314,삼성전자,1538.6000000000001,2024
467,삼성전자 갤럭시북5 프로 NT940XHZ-A51A,14.0,1.23,코어 울트라5,내장그래픽,16,256,1768000,2025.11.,,,삼성전자,,2025
468,삼성전자 갤럭시북4 프로 NT960XGK-KD72S,16.0,1.56,코어 울트라7,내장그래픽,32,1024,1998990,2024.01.,4.5,45,삼성전자,202.5,2024
469,삼성전자 갤럭시북4 프로 NT960XGQ-A52A,16.0,1.56,코어 울트라5,내장그래픽,32,256,1888860,2024.01.,4.9,926,삼성전자,4537.400000000001,2024
470,삼성전자 갤럭시북4 프로 NT940XGK-KH51G,14.0,1.23,코어 울트라5,내장그래픽,16,512,1590000,2024.01.,4.6,19,삼성전자,87.39999999999999,2024
471,삼성전자 갤럭시북5 NT750XHD-KC58S,15.6,1.55,코어 울트라5,기타,8,256,1268900,2025.07.,,,삼성전자,,2025
472,삼성전자 갤럭시북4 NT750XGQ-A51A WIN11,15.6,1.55,코어5,기타,16,256,1117800,2024.04.,5.0,2,삼성전자,10.0,2024
473,LG전자 그램 프로360 16T90SP-KA70K,16.0,1.399,코어 울트라7,내장그래픽,16,512,1738000,2024.01.,5.0,8,LG전자,40.0,2024
474,삼성전자 다나와인증 NT551XDA LT2507007555,15.3,1.75,코어i7-11세대,기타,8,240,395000,2025.10.,,,삼성전자,,2025
476,LG전자 그램 프로16 16ZD90SP-EX59K,16.0,1.279,코어 울트라5,RTX3050,32,512,2318660,2024.01.,4.9,98,LG전자,480.20000000000005,2024
477,LG전자 2023 그램17 17Z90R-GA50K,17.0,1.35,코어i5-13세대,기타,16,256,1298790,2023.01.,5.0,6,LG전자,30.0,2023
478,삼성전자 NT850XCJ 중고,15.6,2.39,코어i7-10세대,RTX2070,16,512,656120,2021.01.,4.7,12,삼성전자,56.400000000000006,2021
479,LG전자 2025 그램 프로17 17ZD90TR-SX5BK WIN11,17.0,1.48,코어 울트라5,RTX4050,32,512,2399330,2025.02.,,,LG전자,,2025
