모델명,화면크기,무게,CPU,그래픽,RAM,SSD,최저가,등록년월,평점,댓글개수
삼성전자 갤럭시북5 프로 NT940XHA-K51A,14,1.23,코어 울트라5,내장그래픽,16,256,1660000,2025.01.,4.9,765
LG전자 2025 그램 프로16 16Z90TP-KD7WK,16,1.199,코어 울트라7,내장그래픽,32,1024,2206940,2025.01.,4.9,399
LG전자 2025 그램 프로16 16Z90TS-GS50K,16,1.239,코어 울트라5,내장그래픽,16,256,1578420,2025.01.,4.9,142
삼성전자 갤럭시북4 NT750XGR-A51A WIN11,15.6,1.55,코어i5-13세대,기타,16,256,824990,2024.03.,4.8,119
LG전자 울트라PC 15U50T-GA5HK,15.6,1.7,코어i5-13세대,기타,16,256,670480,2024.11.,4.7,93
삼성전자 갤럭시북5 프로 NT960XHA-KD72G,16,1.56,코어 울트라7,내장그래픽,32,1024,2589970,2025.01.,4.8,6
삼성전자 갤럭시북4 NT750XGR-A51A,15.6,1.55,코어i5-13세대,기타,16,256,799900,2024.03.,4.9,"7,049"
LG전자 2025 그램 프로16 16Z90TS-GS5CK,16,1.199,코어 울트라5,내장그래픽,16,256,1587000,2025.03.,5.0,6
LG전자 2025 그램15 15Z90T-GA5HK,15.6,1.29,코어 울트라5,내장그래픽,16,512,1424080,2025.01.,5.0,58
삼성전자 갤럭시북5 프로 NT940XHA-K71AR,14,1.23,코어 울트라7,내장그래픽,32,512,2120000,2025.01.,4.8,100
LG전자 2025 그램15 15ZD90T-GX56K,15.6,1.29,코어 울트라5,내장그래픽,16,256,1347320,2025.01.,4.8,159
LG전자 울트라PC 15UD50T-GX5JK,15.6,1.7,코어i5-13세대,기타,8,256,641650,2024.10.,4.8,"2,825"
LG전자 울트라PC 15U50T-GROWK 16GB램,15.6,1.7,코어i5-13세대,기타,16,256,659590,2024.11.,4.8,9
LG전자 울트라PC 15U50T-GA5HK 32GB램,15.6,1.7,코어i5-13세대,기타,32,256,763790,2024.12.,5.0,6
LG전자 2025 그램14 14ZD90T-GX56K,14,1.12,코어 울트라5,내장그래픽,16,256,1244840,2025.01.,4.9,240
LG전자 2025 그램15 15Z90T-GA5CK,15.6,1.29,코어 울트라5,내장그래픽,16,256,1373930,2025.01.,4.9,49
LG전자 그램15 15Z80T-GS5WK,15.6,1.29,라이젠AI 5,내장그래픽,16,512,1253720,2025.04.,4.7,27
LG전자 2024 그램14 14ZD90S-GX56K WIN11,14,1.12,코어 울트라5,내장그래픽,16,256,1099990,2024.02.,4.8,17
LG전자 2024 그램16 16Z90S-GAOWK,16,1.199,코어 울트라5,내장그래픽,16,512,1413000,2024.01.,4.9,395
LG전자 그램15 15ZD90RU-GX54K,15.6,1.14,코어i5-13세대,기타,16,256,1098760,2024.11.,4.9,72
LG전자 2025 그램 프로17 17ZD90TP-GX79K WIN11,17,1.369,코어 울트라7,내장그래픽,32,256,2135550,2025.01.,,
LG전자 2025 그램15 15ZD90T-GX59K,15.6,1.29,코어 울트라5,내장그래픽,32,256,1568650,2025.01.,5.0,17
LG전자 그램 프로17 17ZD90SP-GX56K,17,1.299,코어 울트라5,내장그래픽,16,256,1528280,2024.01.,4.8,168
삼성전자 갤럭시북5 프로H NT965XHW-A71AR,16,1.56,코어 울트라7,내장그래픽,32,256,2076900,2025.01.,4.7,142
삼성전자 갤럭시북5 프로 NT940XHA-KP72S,14,1.23,코어 울트라7,내장그래픽,32,512,2190000,2025.01.,5.0,1
LG전자 2025 그램 프로17 17ZD90TR-SXFBK WIN11,17,1.48,코어 울트라5,RTX4050,32,512,2447790,2025.09.,,
LG전자 그램17 17Z90S-GP5QLF,17,1.35,코어 울트라5,내장그래픽,32,256,1748990,2025.03.,,
"APPLE 맥북프로14 M5 10코어 CPU, 10코어 GPU 실버",14.2,1.55,Intelligence,기타,16,512,2318290,2025.11.,5.0,2
삼성전자 갤럭시북4 울트라 NT960XGL-X92A,16,1.86,코어 울트라9,RTX4070,32,1024,4080000,2024.02.,4.9,131
LG전자 2025 그램 프로16 16Z90TP-GA5CK,16,1.199,코어 울트라5,내장그래픽,16,256,1553470,2025.01.,5.0,72
삼성전자 갤럭시북4 NT750XGR-A31A,15.6,1.55,코어i3-13세대,기타,16,256,667990,2024.04.,4.9,"6,758"
LG전자 2025 그램 프로16 16Z90TR-SD7WK,16,1.36,코어 울트라7,RTX4050,32,1024,2577260,2025.02.,4.9,65
삼성전자 갤럭시북5 프로 NT960XHA-K52A,16,1.56,코어 울트라5,내장그래픽,32,256,1947520,2025.01.,4.9,471
LG전자 2025 그램 프로16 16Z90TS-GU7BK,16,1.239,코어 울트라7,내장그래픽,32,1024,2366200,2025.01.,4.9,234
LG전자 다나와인증 울트라PC 15UD50P LT2504003509,15.3,1.81,코어i5-11세대,기타,8,240,549990,2025.04.,,
LG전자 2025 그램 프로16 16Z90TP-GD7BK,16,1.199,코어 울트라7,내장그래픽,32,512,2102090,2025.01.,4.8,73
삼성전자 갤럭시북4 NT750XGR-A71A,15.6,1.55,코어i7-13세대,기타,16,512,999370,2024.03.,4.9,"2,200"
"APPLE 맥북에어15 M4 10코어 CPU, 10코어 GPU 실버",15.3,1.51,Intelligence,기타,16,256,1719890,2025.03.,4.5,9
LG전자 2025 그램 프로16 16ZD90TR-SX79K,16,1.36,코어 울트라7,RTX4050,32,512,2348000,2025.01.,4.9,43
LG전자 2024 그램15 15Z90S-GA5NK,15.6,1.29,코어 울트라5,내장그래픽,16,256,1247160,2024.12.,4.8,43
"APPLE 맥북프로16 M1프로 10코어 CPU, 16코어 GPU 그레이",16.2,2.1,M1 Pro,기타,16,512,2699000,2021.10.,4.8,162
LG전자 그램16 16Z90S-GA5VK,16,1.199,코어 울트라5,내장그래픽,16,256,1346000,2025.03.,,
LG전자 울트라PC 15U50T-GR3CK,15.6,1.7,코어i3-13세대,기타,8,256,609000,2024.11.,4.8,51
LG전자 2024 그램17 17Z90S-GA5PK,17,1.35,코어 울트라5,내장그래픽,16,512,1546000,2024.05.,4.9,334
LG전자 2025 그램 프로17 17Z90TP-GA5CK,17,1.369,코어 울트라5,내장그래픽,16,256,1579250,2025.01.,4.9,31
LG전자 2024 그램16 16Z90SU-GRF6K,16,1.12,코어 울트라5,내장그래픽,8,256,1268580,2025.02.,5.0,40
삼성전자 갤럭시북4 울트라 NT960XGL-X94A,16,1.86,코어 울트라9,RTX4070,64,2048,4452620,2024.02.,4.8,101
삼성전자 갤럭시북5 프로 NT960XHA-K71A,16,1.56,코어 울트라7,내장그래픽,16,512,2087400,2025.01.,4.9,154
LG전자 2023 울트라PC 15UD50R-GX56K WIN11 16GB램,15.6,1.8,코어i5-13세대,기타,16,256,664470,2023.06.,4.9,42
LG전자 2024 그램16 16Z90S-GA5HK,16,1.199,코어 울트라5,내장그래픽,16,512,1424000,2024.03.,4.5,12
LG전자 2025 그램 프로17 17ZD90TP-GX56K WIN11,17,1.369,코어 울트라5,내장그래픽,16,256,1678230,2025.01.,,
LG전자 2025 그램 프로16 16ZD90TP-GX56K,16,1.199,코어 울트라5,내장그래픽,16,256,1534250,2025.01.,4.9,91
LG전자 2025 그램 프로16 16Z90TR-SD7HK,16,1.36,코어 울트라7,RTX4050,32,1024,2578990,2025.02.,4.9,34
삼성전자 갤럭시북5 NT750XHD-KC51S,15.6,1.55,코어 울트라5,기타,16,512,1374750,2025.07.,5.0,2
"APPLE 맥북에어13 M4 10코어 CPU, 10코어 GPU 스카이",13.6,1.24,Intelligence,기타,16,512,1719890,2025.03.,4.9,11
삼성전자 갤럭시북4 울트라 NT960XGL U9,16,1.86,코어 울트라9,RTX4070,64,256,4064090,2024.05.,5.0,1
삼성전자 갤럭시북5 프로360 NT960QHA-KT72G,16,1.69,코어 울트라7,내장그래픽,32,512,2729990,2025.05.,5.0,1
LG전자 2025 그램 프로17 17ZD90TR-SXSBK,17,1.48,코어 울트라7,RTX4050,32,512,2521580,2025.09.,5.0,2
삼성전자 갤럭시북5 프로360 NT960QHA-KC71G,16,1.69,코어 울트라7,내장그래픽,16,512,2238990,2024.11.,5.0,5
삼성전자 갤럭시북5 프로 NT940XHA-KD72G,14,1.23,코어 울트라7,내장그래픽,32,1024,2347460,2025.01.,5.0,1
LG전자 울트라PC 15UD50T-GX5JK WIN11 16GB램,15.6,1.7,코어i5-13세대,기타,16,256,687740,2024.12.,4.9,25
삼성전자 갤럭시북5 프로360 NT960QHA-KA72S,16,1.69,코어 울트라7,내장그래픽,32,1024,3093910,2024.11.,,
LG전자 2023 그램16 16ZD90R-EX59K WIN11,16,1.299,코어i5-13세대,RTX3050,32,256,2249000,2023.02.,5.0,3
"APPLE 맥북프로14 M5 10코어 CPU, 10코어 GPU 블랙",14.2,1.55,Intelligence,기타,16,512,2318300,2025.11.,,
삼성전자 갤럭시북5 프로 NT960XHA-K71AR,16,1.56,코어 울트라7,내장그래픽,32,1024,2532590,2025.01.,4.9,436
LG전자 2025 그램 프로16 16Z90TR-SD79K,16,1.36,코어 울트라7,RTX4050,32,512,2498050,2025.01.,,
LG전자 2025 그램 프로360 16T90TP-GD79K,16,1.399,코어 울트라7,내장그래픽,32,512,2287750,2025.01.,4.9,81
삼성전자 갤럭시북5 프로 NT940XHA-KD72S,14,1.23,코어 울트라7,내장그래픽,32,1024,2399000,2025.01.,5.0,1
"APPLE 맥북에어15 M4 10코어 CPU, 10코어 GPU 블루",15.3,1.51,Intelligence,기타,16,256,1719890,2025.03.,5.0,9
LG전자 그램 프로17 17Z90TR-SDSWK,17,1.48,코어 울트라7,RTX4050,32,512,2536290,2025.08.,,
LG전자 그램16 16ZD90RU-GX54K,16,1.199,코어i5-13세대,기타,16,256,1142860,2024.11.,4.8,124
LG전자 2025 그램 프로360 16TD90TP-GX56K,16,1.399,코어 울트라5,내장그래픽,16,256,1697990,2025.01.,4.9,99
LG전자 2025 그램 프로360 16T90TP-GA5CK,16,1.399,코어 울트라5,내장그래픽,16,256,1749990,2025.01.,4.9,54
LG전자 2025 그램 프로17 17ZD90TP-GX56K,17,1.369,코어 울트라5,내장그래픽,16,256,1676330,2025.01.,4.9,22
삼성전자 갤럭시북4 NT750XGP-G72A,15.6,1.57,코어7,기타,16,512,1549990,2024.04.,4.9,144
LG전자 2025 그램 프로17 17Z90TR-SD79K,17,1.48,코어 울트라7,RTX4050,32,512,2591740,2025.01.,4.9,34
LG전자 2025 그램14 14Z90T-GA5CK,14,1.12,코어 울트라5,내장그래픽,16,256,1274070,2025.01.,4.8,45
LG전자 2025 그램 프로360 16T90TP-GD7BK,16,1.399,코어 울트라7,내장그래픽,32,1024,2450990,2025.01.,4.9,210
LG전자 2024 그램16 16Z90SU-GR56K 16GB램,16,1.12,코어 울트라5,기타,16,256,1307100,2024.05.,5.0,1
LG전자 그램 프로16 16Z90SP-KD7CK,16,1.199,코어 울트라7,내장그래픽,32,512,1898000,2024.04.,5.0,10
LG전자 그램 프로16 16Z90SP-KA5CK,16,1.199,코어 울트라5,내장그래픽,32,512,1790600,2024.05.,4.9,40
LG전자 그램15 15ZD80T-GX56K,15.6,1.29,라이젠AI 5,내장그래픽,16,256,1192470,2025.04.,4.9,82
삼성전자 갤럭시북4 NT750XGJ-KH31S,15.6,1.55,코어i3-13세대,기타,16,512,755000,2024.08.,5.0,1
LG전자 2025 그램 프로16 16Z90TS-GU7WK,16,1.199,코어 울트라7,내장그래픽,32,1024,2217400,2025.03.,4.8,89
LG전자 2025 그램 프로16 16Z90TP-KD7BK,16,1.199,코어 울트라7,내장그래픽,32,1024,2281070,2025.01.,4.9,137
삼성전자 갤럭시북5 프로 NT960XHA-KP72G,16,1.56,코어 울트라7,내장그래픽,32,512,2379000,2025.01.,4.7,7
LG전자 그램15 15ZD80T-GX79K,15.6,1.29,라이젠AI 7,내장그래픽,32,512,1598870,2025.04.,5.0,7
LG전자 2025 그램 프로16 16Z90TP-GA5HK,16,1.199,코어 울트라5,내장그래픽,16,512,1621680,2025.01.,4.9,168
삼성전자 갤럭시북4 NT750XGR-A71A WIN11,15.6,1.55,코어i7-13세대,기타,16,512,1051920,2024.04.,4.6,29
LG전자 2025 그램 프로16 16Z90TP-GD7CK,16,1.199,코어 울트라7,내장그래픽,32,512,2102090,2025.01.,4.9,133
LG전자 울트라PC 15U50T-GROWK,15.6,1.7,코어i5-13세대,기타,8,256,626130,2024.11.,4.9,311
"APPLE 맥북에어13 M2 8코어 CPU, 8코어 GPU 블루",13.6,1.24,M2,기타,8,256,970000,2022.06.,4.8,338
LG전자 그램17 17Z90S-GA5VK,17,1.35,코어 울트라5,내장그래픽,16,256,1428000,2025.03.,,
삼성전자 갤럭시북5 프로 NT960XHA-K51A,16,1.56,코어 울트라5,내장그래픽,16,256,1743970,2025.01.,4.8,610
"APPLE 맥북프로16 M4프로 14코어 CPU, 20코어 GPU 블랙",16.2,2.14,M4 Pro,기타,24,512,3450000,2024.11.,5.0,21
LG전자 그램 프로16 16Z90TR-ED7WK,16,1.36,코어 울트라7,RTX5050,32,1024,3067290,2025.08.,4.9,40
LG전자 2025 그램14 14Z90T-GA5HK,14,1.12,코어 울트라5,내장그래픽,16,512,1348980,2025.01.,4.9,62
LG전자 2025 그램 프로16 16ZD90TR-SXSWK WIN11,16,1.36,코어 울트라7,RTX4050,32,512,2448950,2025.08.,,
LG전자 그램15 15ZD80T-GX56K WIN11,15.6,1.29,라이젠AI 5,내장그래픽,16,256,1218990,2025.04.,5.0,2
LG전자 2025 그램 프로16 16ZD90TR-SX5BK WIN11,16,1.36,코어 울트라5,RTX4050,32,512,2290000,2025.02.,,
LG전자 2025 그램15 15ZD90T-GX56K WIN11,15.6,1.29,코어 울트라5,내장그래픽,16,256,1366260,2025.01.,5.0,1
LG전자 울트라PC 15U50T-GA5VK,15.6,1.7,코어i5-13세대,기타,16,512,744420,2025.01.,4.9,44
LG전자 2025 그램 프로17 17ZD90TR-SXFWK WIN11,17,1.48,코어 울트라5,RTX4050,32,512,2366950,2025.09.,,
LG전자 2025 그램14 14ZD90T-GX56K WIN11,14,1.12,코어 울트라5,내장그래픽,16,256,1273670,2025.01.,4.0,2
LG전자 그램15 15Z80T-GU7WK,15.6,1.29,라이젠AI 7,내장그래픽,32,1024,1679000,2025.04.,5.0,32
LG전자 2025 그램 프로17 17Z90TR-SDSLK,17,1.48,코어 울트라7,RTX4050,32,512,2600370,2025.01.,,
"APPLE 맥북에어13 M4 10코어 CPU, 8코어 GPU 실버",13.6,1.24,Intelligence,기타,16,256,1430960,2025.03.,5.0,9
삼성전자 갤럭시북5 NT750XHD-KC51G,15.6,1.55,코어 울트라5,기타,16,512,1438990,2025.07.,5.0,1
삼성전자 갤럭시북 프로 SE NT950XFT-A51A,15.6,1.11,코어i5-13세대,기타,16,256,1161890,2023.02.,4.9,192
삼성전자 갤럭시북4 NT750XGQ-A71A WIN11,15.6,1.55,코어7,기타,16,512,1409000,2024.05.,,
LG전자 울트라PC 15UD50T-GX5JK 16GB램,15.6,1.7,코어i5-13세대,기타,16,256,668790,2024.11.,5.0,5
LG전자 그램15 15ZD90RU-GX54K WIN11,15.6,1.14,코어i5-13세대,기타,16,256,1109520,2025.01.,4.6,3
LG전자 2024 그램16 16ZD90SU-GX56K WIN11 16GB램,16,1.12,코어 울트라5,기타,16,256,1252000,2024.04.,5.0,10
LG전자 2025 그램 프로16 16ZD90TP-GX56K WIN11,16,1.199,코어 울트라5,내장그래픽,16,256,1535190,2025.01.,5.0,2
"APPLE 맥북프로14 M4프로 14코어 CPU, 20코어 GPU 블랙",14.2,1.6,M4 Pro,기타,24,1024,3306510,2024.11.,4.9,73
LG전자 2025 그램 프로16 16ZD90TP-GX59K WIN11,16,1.199,코어 울트라5,내장그래픽,32,256,1815000,2025.01.,,
LG전자 2025 그램 프로17 17ZD90TR-SX79K,17,1.48,코어 울트라7,RTX4050,32,512,2489120,2025.01.,4.8,110
LG전자 그램17 17Z90S-GALGL,17,1.35,코어 울트라5,내장그래픽,16,256,1398990,2025.03.,4.8,6
"APPLE 맥북프로16 M4프로 14코어 CPU, 20코어 GPU 실버",16.2,2.14,M4 Pro,기타,24,512,3578990,2024.11.,5.0,103
LG전자 2024 그램14 14ZD90S-GX56K,14,1.12,코어 울트라5,내장그래픽,16,256,1128010,2024.01.,4.8,524
삼성전자 갤럭시북4 프로360 NT960QGK-K71A,16,1.66,코어 울트라7,내장그래픽,16,512,1829000,2024.01.,4.9,604
LG전자 2025 그램 프로17 17ZD90TR-SXSBK WIN11,17,1.48,코어 울트라7,RTX4050,32,512,2570710,2025.09.,,
삼성전자 갤럭시북4 NT750XGL-XD72S,15.6,1.57,코어7,기타,32,1024,1948990,2024.04.,4.3,3
LG전자 2023 그램14 14ZD90RU-GX56K WIN11,14,,코어i5-13세대,기타,16,256,1190000,2024.09.,5.0,8
"APPLE 맥북프로14 M4프로 12코어 CPU, 16코어 GPU 블랙",14.2,1.6,M4 Pro,기타,24,512,2712180,2024.11.,5.0,36
LG전자 울트라PC 15U50T-GR50K,15.6,1.7,코어i5-13세대,기타,8,256,631030,2024.11.,4.7,81
LG전자 울트라PC 15UD50T-GX5JK WIN11 32GB램,15.6,1.7,코어i5-13세대,기타,32,256,832190,2024.12.,5.0,1
LG전자 그램15 15Z90S-GP5CL,15.6,1.29,코어 울트라5,내장그래픽,32,512,1618590,2025.08.,4.8,5
LG전자 울트라PC 15U50R-SAOWK 32GB램,15.6,1.8,코어i5-13세대,기타,32,512,1171000,2025.07.,,
삼성전자 갤럭시북5 프로H NT965XHW-A51A,16,1.56,코어 울트라5,내장그래픽,16,256,1599900,2025.01.,4.9,388
LG전자 2025 그램 프로16 16ZD90TR-SX79K WIN11,16,1.36,코어 울트라7,RTX4050,32,512,2364370,2025.02.,,
LG전자 울트라PC 15U50S-SP7GL 32GB램,15.6,1.8,코어 울트라7,기타,32,512,1657430,2025.08.,,
LG전자 울트라PC 15UD50T-GX5JK 32GB램,15.6,1.7,코어i5-13세대,기타,32,256,749000,2024.11.,,
LG전자 2025 그램 프로17 17ZD90TR-SX7BK WIN11,17,1.48,코어 울트라7,RTX4050,32,512,2510050,2025.02.,,
LG전자 2024 그램17 17ZD90SU-GX56K,17,1.39,코어 울트라5,기타,8,256,1312570,2024.03.,4.8,78
"APPLE 맥북에어13 M4 10코어 CPU, 10코어 GPU 블루",13.6,1.24,Intelligence,기타,16,512,1719890,2025.03.,5.0,6
LG전자 2025 그램 프로16 16Z90TP-GA5BK,16,1.199,코어 울트라5,내장그래픽,16,256,1599790,2025.01.,5.0,26
삼성전자 갤럭시북5 프로H NT965XHW-A71AR WIN11,16,1.56,코어 울트라7,내장그래픽,32,256,2151850,2025.02.,,
삼성전자 갤럭시북5 프로360 NT960QHA-KC51S,16,1.69,코어 울트라5,내장그래픽,16,512,2099810,2024.11.,4.7,7
LG전자 2025 그램 프로17 17ZD90TP-GX79K,17,1.369,코어 울트라7,내장그래픽,32,256,2112340,2025.01.,5.0,19
LG전자 그램 프로17 17Z90TR-ED7WK,17,1.48,코어 울트라7,RTX5050,32,1024,3143140,2025.08.,4.9,78
LG전자 그램15 15Z80T-GS5CK,15.6,1.29,라이젠AI 5,내장그래픽,16,256,1219370,2025.04.,5.0,6
삼성전자 갤럭시북5 프로360 NT960QHA-KC51G,16,1.69,코어 울트라5,내장그래픽,16,512,1941080,2024.11.,4.9,12
LG전자 2025 그램 프로17 17Z90TR-SAFWK,17,1.48,코어 울트라5,RTX4050,32,512,2288990,2025.08.,,
LG전자 2023 그램16 16ZD90RU-GX56K WIN11,16,1.199,코어i5-13세대,기타,16,256,1060000,2023.05.,5.0,17
LG전자 울트라PC 15U50T-GR50K 16GB램,15.6,1.7,코어i5-13세대,기타,16,256,668940,2024.12.,5.0,1
LG전자 2024 그램16 16ZD90SU-GXF6K 16GB램,16,1.12,코어 울트라5,내장그래픽,16,256,1258330,2025.02.,,
LG전자 그램 프로16 16Z90TR U7,16,1.36,코어 울트라7,RTX4050,32,1024,2769000,2025.02.,,
LG전자 2025 그램 프로360 16TD90TP-GX76K,16,1.399,코어 울트라7,내장그래픽,16,256,1898870,2025.01.,5.0,11
삼성전자 갤럭시북5 프로 NT960XHA-KC51G,16,1.56,코어 울트라5,내장그래픽,16,512,1798000,2025.01.,4.6,11
삼성전자 갤럭시북5 프로 NT940XHA-KC71S,14,1.23,코어 울트라7,내장그래픽,16,512,1990190,2025.01.,,
삼성전자 갤럭시북4 울트라 NT960XGL-XD94G,16,1.86,코어 울트라9,RTX4070,64,2048,4349000,2024.01.,,
삼성전자 갤럭시북4 NT751XGJ-KR51G,15.6,1.55,코어i5-13세대,기타,16,256,890000,2024.08.,,
LG전자 2024 그램14 14Z90S-GA5PK,14,1.12,코어 울트라5,내장그래픽,16,256,1199990,2024.01.,,
삼성전자 갤럭시북4 NT750XGR-A58A,15.6,1.55,코어i5-13세대,기타,8,256,738990,2024.03.,,
LG전자 그램 프로17 17Z90SP-EA5CK,17,1.379,코어 울트라5,RTX3050,16,256,2148990,2024.01.,,
LG전자 2025 그램 프로360 16T90TP-GA5BK,16,1.399,코어 울트라5,내장그래픽,16,512,1803140,2025.01.,,
LG전자 2024 그램16 16ZD90SU-GXF6K WIN11 16GB램,16,1.12,코어 울트라5,내장그래픽,16,256,1283040,2025.02.,,
"APPLE 맥북에어15 M4 10코어 CPU, 10코어 GPU 스카이",15.3,1.51,Intelligence,기타,16,256,1719890,2025.03.,,
삼성전자 갤럭시북5 프로H NT965XHW-A51A WIN11,16,1.56,코어 울트라5,내장그래픽,16,256,1676390,2025.02.,,
삼성전자 갤럭시북4 울트라 NT960XGL-XC92G,16,1.86,코어 울트라9,RTX4070,32,1024,3606870,2024.03.,,
"APPLE 맥북에어13 M4 10코어 CPU, 10코어 GPU 실버",13.6,1.24,Intelligence,기타,16,512,1718990,2025.03.,,
LG전자 2025 그램14 14Z90T-GA56K,14,1.12,코어 울트라5,내장그래픽,16,512,1433740,2025.01.,,
LG전자 그램 14Z980 i5 중고,14,,코어i5-8세대,기타,8,128,559000,2025.02.,,
삼성전자 갤럭시북4 NT750XGJ-KP51S,15.6,1.55,코어i5-13세대,기타,16,256,869000,2024.08.,,
삼성전자 다나와인증 DB400T7B LT2305001524,,,코어i7-7세대,기타,16,500,519990,2025.02.,,
LG전자 2024 그램16 16ZD90SU-GX56K WIN11,16,1.12,코어 울트라5,기타,8,256,1240000,2024.04.,,
LG전자 2025 그램 프로16 16Z90TP-KA5WK,16,1.199,코어 울트라5,내장그래픽,16,512,1858820,2025.01.,,
삼성전자 갤럭시북 프로 SE NT950XGK-KM50S,15.6,1.13,코어 울트라5,내장그래픽,16,256,1331000,2024.10.,,
LG전자 울트라PC 15UD50T-GX5JK WIN11,15.6,1.7,코어i5-13세대,기타,8,256,644740,2024.12.,,
삼성전자 갤럭시북4 엣지 NT940XMA-K01A,14,1.16,,기타,16,512,1297990,2024.06.,,
LG전자 2024 그램14 14ZD90S-GX59K,14,1.12,코어 울트라5,내장그래픽,32,512,1619000,2024.01.,,
"APPLE 맥북에어13 M4 10코어 CPU, 8코어 GPU 스카이",13.6,1.24,Intelligence,기타,16,256,1430970,2025.03.,,
LG전자 2025 그램 프로17 17Z90TR-SD7WK,17,1.48,코어 울트라7,RTX4050,32,1024,2607250,2025.02.,,
LG전자 2025 그램 프로17 17Z90TP-GA5HK,17,1.369,코어 울트라5,내장그래픽,16,512,1688990,2025.01.,,
삼성전자 갤럭시북5 프로360 NT960QHA-K71AR,16,1.69,코어 울트라7,내장그래픽,32,1024,2880000,2024.12.,,
LG전자 그램17 17Z90T-GP56ML,17,1.35,코어 울트라5,내장그래픽,16,512,1665880,2025.06.,,
LG전자 그램16 16ZD90RU-GX54K WIN11,16,1.199,코어i5-13세대,기타,16,256,1157960,2025.01.,,
LG전자 2025 그램 프로17 17ZD90TR-SXSWK WIN11,17,1.48,코어 울트라7,RTX4050,32,512,2489960,2025.09.,,
LG전자 2025 그램15 15ZD90T-GX59K WIN11,15.6,1.29,코어 울트라5,내장그래픽,32,256,1597280,2025.01.,,
삼성전자 NT950XDB i5 중고,15.6,1.05,코어i5-11세대,기타,8,256,440000,2023.09.,5.0,5
LG전자 2025 그램 프로16 16Z90TR-SDSWK,16,1.36,코어 울트라7,RTX4050,32,1024,2696260,2025.08.,,
삼성전자 갤럭시북4 NT750XGR-A28A,15.6,1.55,,기타,8,256,569000,2025.09.,4.9,40
LG전자 2024 그램17 17ZD90SU-GX56K WIN11 16GB램,17,1.39,코어 울트라5,기타,16,256,1362000,2024.03.,4.0,1
삼성전자 갤럭시북4 프로 NT960XGK-KC71S,16,1.56,코어 울트라7,내장그래픽,16,512,1766990,2024.01.,5.0,4
LG전자 2023 그램15 15Z90R-GA56K,15.6,1.14,코어i5-13세대,기타,16,256,1195030,2023.01.,4.8,90
LG전자 2025 그램15 15Z90T-GA59K,15.6,1.29,코어 울트라5,내장그래픽,32,256,1597690,2025.01.,5.0,6
LG전자 2025 그램 프로17 17Z90TP-GA5BK,17,1.369,코어 울트라5,내장그래픽,16,256,1603000,2025.02.,5.0,4
LG전자 2023 울트라PC 15UD50R-GX56K,15.6,1.8,코어i5-13세대,기타,8,256,618980,2023.05.,4.9,217
LG전자 2025 그램 프로17 17Z90TR-SD7LK,17,1.48,코어 울트라7,RTX4050,32,512,2623980,2025.01.,5.0,1
삼성전자 갤럭시북5 프로360 NT961QHA U7,16,1.69,코어 울트라7,내장그래픽,32,256,2766740,2025.03.,,
LG전자 그램 프로360 16T90SP-KA5HK,16,1.399,코어 울트라5,내장그래픽,16,512,1648000,2024.01.,4.9,81
삼성전자 갤럭시북4 프로360 NT960QGK-KC71G,16,1.66,코어 울트라7,내장그래픽,16,512,1933890,2024.01.,5.0,13
LG전자 그램15 15ZD80T-GX79K WIN11,15.6,1.29,라이젠AI 7,내장그래픽,32,512,1637690,2025.04.,,
LG전자 2025 그램 프로16 16ZD90TR-SXSWK,16,1.36,코어 울트라7,RTX4050,32,512,2441000,2025.08.,,
LG전자 2025 그램 프로17 17Z90TR-SD7HK,17,1.48,코어 울트라7,RTX4050,32,1024,2631980,2025.02.,5.0,39
삼성전자 갤럭시북5 프로360 NT960QHA-KC71S,16,1.69,코어 울트라7,내장그래픽,16,512,2298990,2024.11.,5.0,2
LG전자 2025 그램 프로16 16ZD90TP-GX79K WIN11,16,1.199,코어 울트라7,내장그래픽,32,256,2149000,2025.01.,,
LG전자 2025 그램 프로16 16Z90TS-GS56K,16,1.239,코어 울트라5,내장그래픽,16,256,1598900,2025.01.,4.9,148
LG전자 2023 울트라PC 15U50R-GP50ML 16GB램,15.6,1.8,코어i5-13세대,기타,16,256,766840,2023.10.,,
LG전자 2023 그램16 16ZD90RU-GX56K,16,1.199,코어i5-13세대,기타,16,256,1040000,2023.04.,4.8,597
삼성전자 갤럭시북3 NT750XFT-A51A,15.6,1.57,코어i5-13세대,기타,16,256,780000,2023.04.,4.8,"1,819"
삼성전자 NT551XDA i5 중고,15.6,1.81,코어i5-11세대,기타,8,256,390000,2021.01.,5.0,4
LG전자 2025 그램 프로17 17ZD90TP-GX59K,17,1.369,코어 울트라5,내장그래픽,32,256,1954700,2025.01.,4.7,11
LG전자 2024 그램15 15Z90S-GA50K,15.6,1.29,코어 울트라5,내장그래픽,16,256,1398990,2024.01.,,
LG전자 2025 그램 프로17 17Z90TR-SA5BK,17,1.48,코어 울트라5,RTX4050,32,512,2408970,2025.02.,5.0,17
LG전자 2023 그램16 16Z90R-GA7CK,16,1.199,코어i7-13세대,기타,16,250,1630170,2023.05.,,
LG전자 2025 그램 프로16 16Z90TR-SA5BK,16,1.36,코어 울트라5,RTX4050,32,512,2371830,2025.02.,4.8,32
LG전자 2023 그램14 14ZD90RU-GX56K,14,,코어i5-13세대,기타,16,256,1130780,2024.09.,4.8,60
삼성전자 갤럭시북 NT761XDA i5 중고,15.6,1.85,코어i5-11세대,RTX3050,16,512,756560,2022.04.,4.0,12
LG전자 2025 그램 프로17 17Z90TR-SA5HK,17,1.48,코어 울트라5,RTX4050,32,512,2399000,2025.02.,4.7,19
LG전자 2025 그램 프로16 16Z90TP-GA5LK,16,1.199,코어 울트라5,내장그래픽,16,512,1639890,2025.01.,5.0,21
삼성전자 갤럭시북5 프로 NT940XHA-KC51G,14,1.23,코어 울트라5,내장그래픽,16,512,1729000,2025.01.,4.5,9
LG전자 2025 그램 프로17 17Z90TP-GD7CK,17,1.369,코어 울트라7,내장그래픽,32,512,2199000,2025.01.,4.9,101
LG전자 2024 그램15 15ZD90S-GX56K,15.6,1.3,코어 울트라5,내장그래픽,16,256,1315100,2024.01.,4.8,394
LG전자 2023 울트라PC 15U40R-GR56K,15.6,1.75,라이젠5,내장그래픽,8,256,658400,2023.01.,5.0,7
삼성전자 갤럭시북4 NT750XGJ-KH51G,15.6,1.55,코어i5-13세대,기타,16,256,845000,2024.04.,4.6,127
LG전자 그램17 17Z90T-GP7HL,17,1.35,코어 울트라7,내장그래픽,32,512,2332210,2025.05.,,
LG전자 그램 프로16 16ZD90SP-GX59K,16,1.199,코어 울트라5,내장그래픽,32,512,1851170,2024.01.,4.9,96
LG전자 그램 프로16 16Z90TR-EA5BK,16,1.36,코어 울트라5,RTX5050,32,512,2718520,2025.08.,4.9,33
삼성전자 갤럭시북4 프로 NT940XGQ-A51A,14,1.23,코어 울트라5,내장그래픽,16,256,1398930,2024.01.,4.8,"3,584"
LG전자 그램15 15Z80T-GS5MK,15.6,1.29,라이젠AI 5,내장그래픽,16,512,1277870,2025.04.,5.0,1
LG전자 그램 프로17 17Z90SP-EP7KL,17,1.38,코어 울트라7,RTX3050,32,256,2449000,2024.10.,,
LG전자 울트라PC 15U50R-SAOWK,15.6,1.8,코어i5-13세대,기타,16,512,1005000,2025.07.,4.9,14
LG전자 2025 그램14 14Z90T-GA5JK,14,1.12,코어 울트라5,내장그래픽,16,512,1345210,2025.01.,5.0,1
LG전자 2025 그램 프로17 17Z90TP-GA5LK,17,1.369,코어 울트라5,내장그래픽,16,512,1633000,2025.01.,4.7,24
삼성전자 NT371B5L i5 중고,15.6,2.3,코어i5-6세대,기타,4,128,238000,2017.12.,4.5,2
삼성전자 갤럭시북4 프로 NT940XGK-KC51G,14,1.23,코어 울트라5,내장그래픽,16,512,1441540,2024.01.,4.6,41
LG전자 2025 그램 프로17 17Z90TP-GA5MK,17,1.369,코어 울트라5,내장그래픽,16,256,1609000,2025.01.,,
LG전자 2024 그램17 17Z90S-GP7AL,17,1.35,코어 울트라7,내장그래픽,32,512,2017910,2024.05.,5.0,2
LG전자 2024 그램16 16Z90SU-GRF6K 16GB램,16,1.12,코어 울트라5,내장그래픽,16,256,1347000,2025.02.,,
LG전자 2024 그램17 17ZD90SU-GX76K,17,1.39,코어 울트라7,기타,8,256,1522860,2024.03.,4.9,24
삼성전자 갤럭시북4 프로 NT940XGQ-A51A WIN11,14,1.23,코어 울트라5,내장그래픽,16,256,1408080,2024.04.,5.0,3
LG전자 그램 프로17 17Z90SP-EA5HK,17,1.379,코어 울트라5,RTX3050,16,512,1999000,2024.02.,4.8,20
LG전자 2025 그램 프로16 16Z90TP-GA50K,16,1.199,코어 울트라5,내장그래픽,16,512,1748000,2025.01.,4.9,18
삼성전자 갤럭시북4 프로 NT940XGQ-A71A WIN11,14,1.23,코어 울트라7,내장그래픽,16,256,1740000,2024.05.,,
삼성전자 NT371B5L i5 920MX 중고,15.6,2.3,코어i5-6세대,기타,8,128,245170,2017.12.,5.0,1
LG전자 울트라PC 15U50T-GA5VK 32GB램,15.6,1.7,코어i5-13세대,기타,32,512,838370,2025.02.,4.5,4
삼성전자 갤럭시북5 프로 NT940XHA-KC51S,14,1.23,코어 울트라5,내장그래픽,16,512,1786000,2025.01.,5.0,5
LG전자 2024 그램17 17Z90S-GAOWK,17,1.35,코어 울트라5,내장그래픽,16,512,1504890,2024.01.,4.9,107
삼성전자 갤럭시북 프로 SE NT950XGQ-A71A,15.6,1.13,코어 울트라7,내장그래픽,16,512,1420000,2024.04.,4.9,32
LG전자 그램 프로17 17Z90TR-EP7CL,17,1.48,코어 울트라7,RTX5050,32,512,2942990,2025.11.,,
LG전자 2023 그램17 17ZD90RU-GX54K WIN11,17,1.35,코어i5-13세대,기타,16,256,1289980,2024.11.,,
LG전자 울트라PC 15U55T-GP7KL 32GB램,15.6,1.7,코어 울트라7,기타,32,512,1677570,2025.09.,,
LG전자 2024 그램15 15Z90S-GP7UL,15.6,1.3,코어 울트라7,내장그래픽,32,512,1876630,2024.05.,5.0,2
삼성전자 갤럭시북4 NT750XGJ-KH31G,15.6,1.55,코어i3-13세대,기타,16,256,773510,2024.07.,4.6,131
삼성전자 갤럭시북4 엣지 NT960XMB-KC01B,16,1.55,,기타,16,1024,1398990,2024.06.,5.0,1
LG전자 2023 그램17 17Z90R-GA76K,17,1.35,코어i7-13세대,기타,16,256,1578990,2023.01.,4.9,58
삼성전자 갤럭시북3 프로 NT960XFG-K71A,16,1.56,코어i7-13세대,기타,16,512,1548990,2023.02.,4.9,717
삼성전자 갤럭시북5 프로360 NT960QHA-KD72G,16,1.69,코어 울트라7,내장그래픽,32,1024,2859770,2024.11.,4.8,9
삼성전자 갤럭시북4 프로 NT960XGK-KG51G,16,1.56,코어 울트라5,내장그래픽,16,512,1789550,2024.07.,,
LG전자 그램16 16ZD90RU-GX54K WIN10,16,1.199,코어i5-13세대,기타,16,256,1137000,2025.01.,,
LG전자 2025 그램14 14Z90T-GA50K,14,1.12,코어 울트라5,내장그래픽,16,256,1318990,2025.01.,5.0,1
LG전자 2023 그램16 16Z90RU-GAOWK,16,1.199,코어i5-13세대,기타,16,256,1226690,2023.06.,4.9,144
LG전자 2023 그램17 17ZD90RU-GX54K,17,1.35,코어i5-13세대,기타,16,256,1250210,2024.11.,5.0,9
삼성전자 갤럭시북3 NT750XFG-KC51S,15.6,1.57,코어i5-13세대,기타,16,256,868690,2024.03.,,
LG전자 2023 그램15 15Z90RT-GAOBK,15.6,,코어i5-13세대,기타,16,256,1607060,2023.03.,4.9,50
LG전자 울트라PC 15UG50S-GP55KN 32GB램,15.6,1.77,코어 울트라5,기타,32,512,1406000,2025.07.,,
삼성전자 갤럭시북5 프로360 NT960QHA-K71A,16,1.69,코어 울트라7,내장그래픽,16,512,2250000,2025.01.,4.9,90
LG전자 2023 그램14 14ZD90R-GX56K WIN11,14,,코어i5-13세대,기타,16,256,1076000,2023.02.,4.9,12
LG전자 울트라PC 15U50S-SP7GL 16GB램,15.6,1.8,코어 울트라7,기타,16,512,1517850,2025.08.,,
LG전자 그램 14Z95N i5 중고,14,,코어i5-11세대,기타,8,256,490000,2022.05.,5.0,1
LG전자 그램15 15ZB90S-GA7NL,15.6,1.29,코어 울트라7,기타,16,256,1399000,2025.02.,,
"APPLE 맥북프로16 M4맥스 16코어 CPU, 40코어 GPU 블랙",16.2,2.15,M4 Max,기타,48,1024,5517310,2024.11.,5.0,26
삼성전자 갤럭시북4 360 NT750QGK-K51A,15.6,1.46,코어5,기타,16,256,1548990,2025.02.,5.0,3
삼성전자 갤럭시북5 프로H NT965XHW-A52A,16,1.56,코어 울트라5,내장그래픽,32,256,1818000,2025.01.,4.8,46
LG전자 2023 울트라PC 15UD50R-GX56K WIN11,15.6,1.8,코어i5-13세대,기타,8,256,653800,2023.06.,4.5,12
LG전자 그램15 15Z90S-GP5UL,15.6,1.29,코어 울트라5,내장그래픽,16,512,1463470,2024.01.,4.5,2
LG전자 2025 그램 프로16 16ZD90TP-GX59K,16,1.199,코어 울트라5,내장그래픽,32,256,1837000,2025.01.,4.9,31
LG전자 2025 그램 프로16 16Z90TP-GA5YK,16,1.199,코어 울트라5,내장그래픽,16,256,1654000,2025.01.,5.0,46
LG전자 울트라PC 15UG50S-GA75KN 32GB램,15.6,1.77,코어 울트라7,기타,32,512,1548560,2025.02.,,
삼성전자 갤럭시북5 프로 NT960XHA-KC51S,16,1.56,코어 울트라5,내장그래픽,16,512,1889000,2025.01.,4.8,6
LG전자 2023 울트라PC 15UD50R-GX56K WIN11 32GB램,15.6,1.8,코어i5-13세대,기타,32,256,807460,2023.06.,4.8,5
LG전자 울트라PC 15U50T-GROWK 32GB램,15.6,1.7,코어i5-13세대,기타,32,256,791790,2024.11.,5.0,1
LG전자 그램 프로16 16Z90SP-GA5CK,16,1.199,코어 울트라5,내장그래픽,16,256,1441870,2024.01.,4.8,230
LG전자 그램15 15Z95N i5 중고,15.6,1.12,코어i5-11세대,기타,8,256,496000,2022.03.,5.0,3
LG전자 그램17 17Z90S-GA5DK,17,1.35,코어 울트라5,내장그래픽,16,256,1468990,2025.03.,,
LG전자 2023 울트라PC 15U50R-GP30ML 16GB램,15.6,1.8,코어i3-13세대,기타,16,256,728080,2024.07.,,
삼성전자 갤럭시북4 NT750XGR-A58A WIN11,15.6,1.55,코어i5-13세대,기타,8,256,782000,2024.04.,,
삼성전자 갤럭시북4 NT750XGR-A38A,15.6,1.55,코어i3-13세대,기타,8,256,639990,2024.03.,4.9,"1,191"
LG전자 2023 울트라PC 15U50R-GR56K 16GB램,15.6,1.8,코어i5-13세대,기타,16,256,683140,2023.06.,4.8,7
삼성전자 갤럭시북 프로 SE NT950XFT-A51A WIN11,15.6,1.11,코어i5-13세대,기타,16,256,1198990,2023.02.,5.0,9
LG전자 2025 그램 프로16 16Z90TP-GA70K,16,1.199,코어 울트라7,내장그래픽,16,512,1928370,2025.01.,4.6,6
삼성전자 갤럭시북4 프로 NT960XGK-KC51S,16,1.56,코어 울트라5,내장그래픽,16,512,1673990,2024.01.,4.9,55
LG전자 울트라PC 15U50T-GR3CK 16GB램,15.6,1.7,코어i3-13세대,기타,16,256,686280,2024.12.,,
LG전자 2025 그램 프로16 16ZD90TP-GX5BK WIN11,16,1.199,코어 울트라5,내장그래픽,16,256,1547990,2025.01.,5.0,1
LG전자 2023 울트라PC 15UD40R-GX56K WIN11 16GB램,15.6,1.75,라이젠5,내장그래픽,16,256,668320,2023.03.,4.8,124
LG전자 2024 그램16 16Z90S-GALGL,16,1.199,코어 울트라5,내장그래픽,16,256,1408160,2025.02.,5.0,2
LG전자 2025 그램 프로16 16ZD90TS-GX56K,16,1.199,코어 울트라5,내장그래픽,16,256,1579770,2025.04.,5.0,37
삼성전자 갤럭시북4 NT750XGK-KC50G,15.6,1.55,코어5,기타,16,256,1299000,2024.08.,,
LG전자 2025 그램 프로16 16Z90TS-GS5HK,16,1.239,코어 울트라5,내장그래픽,16,512,1656730,2025.01.,4.9,113
LG전자 2024 그램16 16ZD90SU-GXF6K,16,1.12,코어 울트라5,내장그래픽,8,256,1265070,2025.02.,4.8,84
LG전자 2024 그램16 16ZD90SU-GXF6K WIN11,16,1.12,코어 울트라5,내장그래픽,8,256,1227900,2025.02.,,
삼성전자 갤럭시북5 프로 NT960XHA-KC71G,16,1.56,코어 울트라7,내장그래픽,16,512,2068740,2025.01.,5.0,1
LG전자 2025 그램 프로16 16ZD90TP-GX79K,16,1.199,코어 울트라7,내장그래픽,32,256,2099000,2025.01.,4.9,20
LG전자 2024 그램15 15Z90ST-GAOWK,15.6,,코어 울트라5,내장그래픽,16,512,1491000,2024.04.,4.8,156
LG전자 2025 그램 프로17 17Z90TP-GD7BK,17,1.369,코어 울트라7,내장그래픽,32,512,2202190,2025.02.,4.9,64
삼성전자 갤럭시북4 프로360 NT960QGK-K71AR,16,1.66,코어 울트라7,내장그래픽,32,1024,2309000,2024.01.,4.9,495
삼성전자 다나와인증 NT551XDA LT2507007555,15.3,1.75,코어i7-11세대,기타,8,240,395000,2025.10.,,
LG전자 그램 프로16 16Z90SP-KA5BK,16,1.199,코어 울트라5,내장그래픽,32,512,1798990,2024.04.,4.9,41
LG전자 그램 프로17 17Z90TR-EA5BK,17,1.48,코어 울트라5,RTX5050,32,512,2799000,2025.08.,4.9,24
LG전자 그램15 15ZD80T-GX76K,15.6,1.29,라이젠AI 7,내장그래픽,16,256,1398780,2025.04.,5.0,3
LG전자 2022 울트라PC 15U40Q-GR50K,15.6,1.75,라이젠5-4세대,내장그래픽,8,512,698870,2022.01.,,
LG전자 2025 그램 프로16 16Z90TP-KA5BK,16,1.199,코어 울트라5,내장그래픽,16,512,1855940,2025.01.,4.9,200
LG전자 2024 그램16 16Z90SU-GR56K,16,1.12,코어 울트라5,기타,8,256,1289980,2024.03.,4.7,23
LG전자 2025 그램 프로17 17Z90TP-GA5YK,17,1.369,코어 울트라5,내장그래픽,16,256,1718870,2025.01.,4.8,26
LG전자 2025 그램 프로360 16T90TP-GA5HK,16,1.399,코어 울트라5,내장그래픽,16,512,1837000,2025.01.,4.9,104
삼성전자 갤럭시북 이온 NT931XCJ i5 중고,13.3,,코어i5-10세대,기타,8,256,370000,2019.01.,5.0,1
LG전자 2025 그램 프로16 16Z90TS-GS5LK,16,1.199,코어 울트라5,내장그래픽,16,512,1678460,2025.03.,5.0,11
LG전자 2024 그램16 16Z90S-GA5NK,16,1.199,코어 울트라5,내장그래픽,16,256,1369000,2025.01.,4.8,20
삼성전자 갤럭시북3 NT750XFG-KF58G,15.6,1.57,코어i5-13세대,기타,8,256,778000,2024.08.,,
삼성전자 갤럭시북5 프로 NT940XHZ-A51A,14,1.23,코어 울트라5,내장그래픽,16,256,1768000,2025.11.,,
삼성전자 갤럭시북4 NT750XGR-A31A WIN11,15.6,1.55,코어i3-13세대,기타,16,256,715490,2024.04.,4.7,17
LG전자 2025 그램 프로16 16Z90TP-GA5JK,16,1.199,코어 울트라5,내장그래픽,16,512,1702970,2025.01.,4.6,20
삼성전자 갤럭시북4 프로 NT940XGK-KC51S,14,1.23,코어 울트라5,내장그래픽,16,512,1443420,2024.01.,4.7,18
LG전자 그램15 15ZD80T-GX76K WIN11,15.6,1.29,라이젠AI 7,내장그래픽,16,256,1414550,2025.04.,,
삼성전자 갤럭시북3 고 5G NT345XPA-K14A,14,1.43,,기타,4,128,445000,2024.04.,4.8,301
LG전자 2025 그램14 14ZD90T-GX50K,14,1.12,코어 울트라5,내장그래픽,16,512,1348990,2025.01.,5.0,35
LG전자 2024 그램15 15Z90S-GA5PK,15.6,1.29,코어 울트라5,내장그래픽,16,256,1312600,2024.01.,4.9,192
LG전자 2023 울트라PC 15U40R-GRTWK 32GB램,15.6,1.75,라이젠3,내장그래픽,32,256,728990,2023.11.,,
LG전자 그램 14ZB995 i5 중고,14,,코어i5-10세대,기타,8,256,468000,2020.01.,4.8,7
LG전자 2025 그램 프로17 17ZD90TR-SX79K WIN11,17,1.48,코어 울트라7,RTX4050,32,512,2508740,2025.02.,5.0,3
LG전자 그램 프로360 16TD90SP-KX76K,16,1.399,코어 울트라7,내장그래픽,16,256,1598990,2024.01.,4.9,81
LG전자 2025 그램 프로17 17ZD90TR-SX59K,17,1.48,코어 울트라5,RTX4050,32,512,2362160,2025.01.,4.9,25
LG전자 2025 그램14 14ZD90T-GX50K WIN11,14,1.12,코어 울트라5,내장그래픽,16,512,1298980,2025.01.,,
삼성전자 갤럭시북4 NT750XGJ-KC51G,15.6,1.55,코어i5-13세대,기타,16,256,866810,2024.08.,,
삼성전자 갤럭시북4 NT750XGJ-KC31G,15.6,1.55,코어i3-13세대,기타,16,256,774110,2024.08.,,
LG전자 2023 그램15 15ZD90RU-GX56K,15.6,1.14,코어i5-13세대,기타,16,256,1129860,2023.04.,4.9,811
삼성전자 갤럭시북3 프로360 NT960QFG-K71AR,16,1.66,코어i7-13세대,기타,32,1024,1898990,2023.02.,4.9,343
삼성전자 NT551XDA i7 MX450 중고,15.6,1.81,코어i7-11세대,기타,8,256,420000,2021.01.,4.5,2
삼성전자 갤럭시북4 NT750XGJ-KG58G,15.6,1.55,코어i5-13세대,기타,8,512,910620,2024.08.,,
LG전자 2022 울트라PC 15U40Q-GRTWK 32GB램,15.6,1.75,라이젠3-4세대,내장그래픽,32,256,850690,2023.10.,,
삼성전자 갤럭시북2 NT550XED-K24A,15.6,1.8,,기타,4,128,798000,2023.10.,4.8,373
삼성전자 갤럭시북4 NT750XGJ-KP51G,15.6,1.55,코어i5-13세대,기타,16,256,899000,2024.08.,,
LG전자 2025 그램15 15Z90T-GA5YK,15.6,1.29,코어 울트라5,내장그래픽,16,256,1395970,2025.01.,4.9,42
LG전자 2025 그램 프로17 17ZD90TR-SX7BK,17,1.48,코어 울트라7,RTX4050,32,512,2526270,2025.01.,4.8,51
LG전자 그램 15ZB95N i5 중고,15.6,1.12,코어i5-11세대,기타,8,256,510000,2022.04.,2.3,3
LG전자 그램 프로360 16TD90SP-KX56K,16,1.399,코어 울트라5,내장그래픽,16,256,1579050,2024.01.,4.9,166
LG전자 2023 울트라PC 15UD50R-GX56K 16GB램,15.6,1.8,코어i5-13세대,기타,16,256,627940,2023.06.,4.8,8
LG전자 다나와인증 15Z95P LT2505006204,15.3,1.12,코어i7-11세대,기타,16,240,790000,2025.10.,,
LG전자 그램16 16Z90TL-H.AUB9U1 병행수입,16,1.239,코어 울트라9,내장그래픽,32,1024,2599000,2025.11.,,
LG전자 그램16 16ZD90TL-GX56K,16,1.24,코어 울트라5,내장그래픽,16,256,1547250,2025.08.,,
LG전자 2025 그램15 15ZD90T-GX76K WIN11,15.6,1.29,코어 울트라7,내장그래픽,16,256,1601300,2025.01.,,
삼성전자 갤럭시북4 엣지 NT750XQA-K02A,15.6,1.5,,기타,16,512,1090000,2024.10.,4.7,27
삼성전자 갤럭시북5 NT750XHW-A71A,15.6,1.55,코어 울트라7,기타,16,256,1448000,2025.12.,,
삼성전자 갤럭시북4 프로 NT960XGK-KC71G,16,1.56,코어 울트라7,내장그래픽,16,512,1766990,2024.01.,4.6,11
LG전자 2023 그램15 15ZD90RU-GX56K WIN11,15.6,1.14,코어i5-13세대,기타,16,256,1140530,2023.05.,4.8,20
삼성전자 갤럭시북4 엣지 NT960XMA-K01A,16,1.55,,기타,16,512,1398120,2024.06.,4.9,86
삼성전자 갤럭시북4 프로 NT960XGQ-A51A,16,1.56,코어 울트라5,내장그래픽,16,256,1549580,2024.01.,4.9,"4,088"
LG전자 2025 그램 프로16 16ZD90TR-SXFWK WIN11,16,1.36,코어 울트라5,RTX4050,32,512,2268430,2025.08.,,
LG전자 2025 그램 프로360 16TD90TP-GX56K WIN11,16,1.399,코어 울트라5,내장그래픽,16,256,1735520,2025.01.,,
LG전자 2025 그램 프로16 16Z90TR-SAFWK,16,1.36,코어 울트라5,RTX4050,32,512,2416790,2025.08.,5.0,9
삼성전자 갤럭시북5 프로H NT965XHW-A52A WIN11,16,1.56,코어 울트라5,내장그래픽,32,256,1914940,2025.02.,5.0,5
LG전자 그램 프로16 16Z90SP-GA7CK,16,1.199,코어 울트라7,내장그래픽,16,256,1538000,2024.01.,4.8,24
LG전자 2025 그램 프로17 17ZD90TP-GX5BK,17,1.369,코어 울트라5,내장그래픽,16,256,1675550,2025.01.,4.5,9
LG전자 2025 그램14 14Z90T-GA5YK,14,1.12,코어 울트라5,내장그래픽,16,256,1341070,2025.01.,4.8,24
LG전자 2025 그램15 15ZD90T-GX76K,15.6,1.29,코어 울트라7,내장그래픽,16,256,1560410,2025.01.,5.0,5
LG전자 2025 그램 프로17 17Z90TP-GA50K,17,1.369,코어 울트라5,내장그래픽,16,256,1576000,2025.01.,4.8,8
LG전자 2024 그램16 16ZD90SU-GX56K,16,1.12,코어 울트라5,기타,8,256,1288000,2024.03.,4.8,200
LG전자 그램 프로16 16Z90SP-GA5BK,16,1.199,코어 울트라5,내장그래픽,16,512,1498270,2024.04.,4.8,68
LG전자 그램 프로16 16Z90SP-ED7HK,16,1.279,코어 울트라7,RTX3050,32,512,2302990,2024.01.,4.9,114
LG전자 울트라PC 15U590 i5 MX 중고,15.6,1.85,코어i5-8세대,기타,8,256,359000,2019.03.,4.0,1
"APPLE 맥북프로14 M3 8코어 CPU, 10코어 GPU 그레이",14.2,1.55,M3,기타,8,512,1519900,2023.11.,5.0,74
LG전자 2023 울트라PC 15UD40R-GX56K,15.6,1.75,라이젠5,내장그래픽,8,256,614990,2023.01.,4.7,121
"APPLE 맥북에어13 M2 8코어 CPU, 10코어 GPU 그레이",13.6,1.24,M2,기타,8,512,970000,2022.06.,4.6,21
LG전자 그램17 17Z90N i5 중고,17,1.35,코어i5-10세대,기타,16,256,1650000,2019.12.,,
LG전자 2025 그램 프로16 16Z90TP-GA5MK,16,1.199,코어 울트라5,내장그래픽,16,256,1598720,2025.01.,,
LG전자 그램 프로16 16Z90SP-KAOWK,16,1.199,코어 울트라5,내장그래픽,16,512,1649000,2024.01.,4.9,"1,976"
LG전자 그램 프로16 16Z90SP-KDOVK,16,1.199,코어 울트라7,내장그래픽,32,1024,2098990,2024.01.,4.9,331
"APPLE 맥북프로14 M3 8코어 CPU, 10코어 GPU 실버",14.2,1.55,M3,기타,8,512,1749980,2023.11.,5.0,42
LG전자 2025 그램 프로16 16ZD90TP-GX5BK,16,1.199,코어 울트라5,내장그래픽,16,256,1593760,2025.01.,5.0,16
삼성전자 갤럭시북 프로 SE NT950XGQ-A51A,15.6,1.13,코어 울트라5,내장그래픽,16,512,1368250,2024.04.,4.9,58
삼성전자 갤럭시북 프로 NT931XDB i5 중고,13.3,,코어i5-11세대,기타,8,256,428000,2021.05.,4.6,10
LG전자 그램 프로16 16ZD90SP-GX56K,16,1.199,코어 울트라5,내장그래픽,16,256,1418990,2024.01.,4.8,647
삼성전자 오디세이 NT850XBC-X719A,15.6,2.39,코어i7-9세대,RTX2060,16,256,2794490,2019.07.,4.8,291
LG전자 그램 프로360 16T90SP-KA5BK,16,1.399,코어 울트라5,내장그래픽,16,512,1632970,2024.03.,4.8,200
LG전자 2024 그램15 15Z90ST-GA5EK,15.6,,코어 울트라5,내장그래픽,16,512,1490000,2024.04.,,
삼성전자 갤럭시북5 프로360 NT960QHA-KD72S,16,1.69,코어 울트라7,내장그래픽,32,1024,3131250,2024.11.,5.0,1
LG전자 15N365 i5 중고,15.6,2.1,코어i5-6세대,기타,8,128,199000,2017.07.,4.0,4
LG전자 그램15 15Z80T-GS50K,15.6,1.29,라이젠AI 5,내장그래픽,16,256,1226830,2025.04.,,
LG전자 2023 그램16 16Z90R-GA5VK,16,1.199,코어i5-13세대,기타,16,256,1370000,2024.04.,4.9,45
LG전자 그램 프로17 17Z90SP-GA5CK,17,1.299,코어 울트라5,내장그래픽,16,256,1498430,2024.01.,4.9,62
LG전자 울트라PC 엣지 14U70Q R3 중고,14,1.29,라이젠3-4세대,내장그래픽,8,256,499000,2022.08.,,
LG전자 2025 그램 프로17 17ZD90TR-SX5BK,17,1.48,코어 울트라5,RTX4050,32,512,2378800,2025.01.,5.0,5
삼성전자 갤럭시북2 NT550XEZ-A58A,15.6,1.8,코어i5-12세대,기타,8,256,769000,2022.06.,4.8,"5,873"
삼성전자 갤럭시북3 프로360 NT960QFG-KC71G,16,1.66,코어i7-13세대,기타,16,512,1598990,2023.02.,4.7,21
삼성전자 갤럭시북4 엣지 NT960XMB-KA01B,16,1.55,,기타,16,1024,1533670,2024.06.,4.9,64
LG전자 2024 그램17 17ZD90SU-GX56K 16GB램,17,1.39,코어 울트라5,기타,16,256,1373940,2024.03.,5.0,1
LG전자 그램 프로17 17Z90SP-GA70K,17,1.299,코어 울트라7,내장그래픽,16,512,1929970,2024.01.,4.9,22
LG전자 2025 그램 프로16 16ZD90TR-SX59K WIN11,16,1.36,코어 울트라5,RTX4050,32,512,2289820,2025.02.,,
LG전자 2023 그램17 17Z90R-GA5VK,17,1.35,코어i5-13세대,기타,16,256,1328960,2024.05.,4.7,21
LG전자 2024 그램14 14Z90S-GA56K,14,1.12,코어 울트라5,내장그래픽,16,512,1288490,2024.01.,4.9,205
LG전자 15U590 i5 중고,15.6,1.75,코어i5-8세대,기타,8,256,327580,2019.03.,5.0,7
LG전자 그램 프로17 17ZD90SP-GX56K WIN11,17,1.299,코어 울트라5,내장그래픽,16,256,1566020,2024.03.,5.0,2
삼성전자 NT551XDA i7 32GB램 중고,15.6,1.81,코어i7-11세대,기타,32,256,2294790,2021.01.,,
LG전자 2025 그램 프로16 16Z90TS-GS76ML,16,1.199,코어 울트라7,내장그래픽,16,256,2098000,2025.03.,,
LG전자 그램 프로16 16Z90SP-AD7VK,16,1.279,코어 울트라7,RTX3050,32,1024,2598210,2024.01.,4.8,281
LG전자 2025 그램 프로16 16Z90TR-SD7LK,16,1.36,코어 울트라7,RTX4050,32,512,2534990,2025.01.,5.0,3
LG전자 2024 그램15 15ZD90S-GX76K,15.6,1.3,코어 울트라7,내장그래픽,16,256,1434190,2024.01.,4.8,27
삼성전자 갤럭시북4 프로360 NT960QGK-KC71S,16,1.66,코어 울트라7,내장그래픽,16,512,1896990,2024.01.,4.6,5
삼성전자 아티브탭3 Atom Z2760 중고,10.1,,,기타,2,32,69000,2014.02.,,
LG전자 2025 그램 프로16 16ZD90TR-SX7BK,16,1.36,코어 울트라7,RTX4050,32,512,2497000,2025.01.,5.0,23
삼성전자 갤럭시북4 NT750XGQ-A51A,15.6,1.55,코어5,기타,16,256,1169000,2024.03.,4.9,58
LG전자 다나와인증 14Z95N LT2505006217,15.3,,코어i5-11세대,기타,8,240,449990,2025.11.,,
삼성전자 갤럭시북5 NT750XHD-KC58G,15.6,1.55,코어 울트라5,기타,8,256,1268910,2025.07.,,
LG전자 2023 울트라PC 15UD50R-GX5RK WIN11,15.6,1.8,코어i5-13세대,기타,16,256,677670,2024.07.,4.4,7
삼성전자 갤럭시북4 360 NT750QGQ-A51A,15.6,1.46,코어5,기타,16,256,1349000,2025.02.,4.9,34
LG전자 그램 프로17 17Z90SP-ED7HK,17,1.379,코어 울트라7,RTX3050,32,512,2343190,2024.01.,4.8,187
삼성전자 갤럭시북5 프로 NT960XHA-KD72R,16,1.56,코어 울트라7,내장그래픽,32,2048,3046440,2025.05.,,
LG전자 2024 그램16 16Z90S-GA5BK,16,1.199,코어 울트라5,내장그래픽,16,512,1448990,2024.04.,4.9,63
LG전자 2024 그램16 16Z90S-GA5CK,16,1.199,코어 울트라5,내장그래픽,16,256,1388000,2024.03.,5.0,25
삼성전자 갤럭시북3 울트라 NT960XFH-XD92G,16,1.79,코어i9-13세대,RTX4070,32,1024,3325000,2023.02.,4.8,66
삼성전자 갤럭시북5 NT750XHW-A51A,15.6,1.55,코어 울트라5,기타,16,256,1260030,2025.12.,,
LG전자 2025 그램 프로16 16ZD90TR-SXFWK,16,1.36,코어 울트라5,RTX4050,32,512,2279000,2025.08.,,
LG전자 그램16 16ZD90TL-GX56K WIN11,16,1.24,코어 울트라5,내장그래픽,16,256,1597190,2025.08.,,
LG전자 2024 그램16 16ZD90SU-GX56K 16GB램,16,1.12,코어 울트라5,기타,16,256,1288940,2024.05.,4.5,2
LG전자 2024 그램15 15ZD90S-GX56K WIN11,15.6,1.3,코어 울트라5,내장그래픽,16,256,1268990,2024.01.,4.8,15
삼성전자 갤럭시북5 프로 NT940XHA-KC71G,14,1.23,코어 울트라7,내장그래픽,16,512,2042490,2025.01.,,
삼성전자 갤럭시북5 프로 NT960XHA-KC71S,16,1.56,코어 울트라7,내장그래픽,16,512,2159990,2025.01.,,
LG전자 다나와인증 14Z90N LT2507008749,13.9,,코어i7-10세대,기타,8,500,509990,2025.10.,,
LG전자 2025 그램 프로16 16ZD90TR-SX7BK WIN11,16,1.36,코어 울트라7,RTX4050,32,512,2457000,2025.02.,,
LG전자 그램 14Z960 i5 중고,14,,코어i5-6세대,기타,4,128,358000,2019.04.,,
LG전자 2023 그램17 17ZD90RU-GX56K,17,1.35,코어i5-13세대,기타,16,256,1196000,2023.04.,4.8,298
LG전자 2024 그램15 15Z90S-GP7VL,15.6,1.29,코어 울트라7,내장그래픽,32,512,1551210,2024.09.,,
LG전자 그램 프로17 17Z90SP-ED7BK,17,1.379,코어 울트라7,RTX3050,32,512,2380790,2024.01.,4.9,103
LG전자 2025 그램 프로16 16ZD90TS-GX56K WIN11,16,1.199,코어 울트라5,내장그래픽,16,256,1565470,2025.04.,,
"APPLE 맥북에어15 M4 10코어 CPU, 10코어 GPU 골드",15.3,1.51,Intelligence,기타,16,256,1719890,2025.03.,5.0,1
삼성전자 갤럭시북4 울트라 NT960XGL-XA94G,16,1.86,코어 울트라9,RTX4070,64,2048,4404130,2024.10.,,
LG전자 2024 그램15 15Z90ST-GA5CK,15.6,,코어 울트라5,내장그래픽,16,256,1498620,2024.04.,5.0,4
삼성전자 갤럭시북4 울트라 NT960XGL-XC72G,16,1.86,코어 울트라7,RTX4050,32,1024,3290000,2024.01.,4.7,41
APPLE 맥북프로16 i7-9Gen 중고,16,2.0,코어i7-9세대,기타,16,512,599000,2021.05.,5.0,2
삼성전자 갤럭시북4 NT750XGQ-A51A WIN11,15.6,1.55,코어5,기타,16,256,1117800,2024.04.,5.0,2
LG전자 2024 그램14 14Z90S-GA5HK,14,1.12,코어 울트라5,내장그래픽,16,512,1249990,2024.01.,4.7,114
LG전자 2023 울트라PC 15U50R-GR36K,15.6,1.8,코어i3-13세대,기타,8,256,626490,2023.06.,4.4,13
LG전자 그램 프로360 16TD90SP-KX56K WIN11,16,1.399,코어 울트라5,내장그래픽,16,256,1592430,2024.02.,,
LG전자 그램 Fold 17X90R-GA50K,17,1.54,코어i5-13세대,기타,16,512,3756320,2023.09.,4.9,26
LG전자 2025 그램 프로360 16TD90TP-GX76K WIN11,16,1.399,코어 울트라7,내장그래픽,16,256,1948470,2025.01.,,
LG전자 그램 프로360 16TD90SP-KX76K WIN11,16,1.399,코어 울트라7,내장그래픽,16,256,1598990,2024.03.,5.0,1
LG전자 2024 그램16 16Z90S-GA5PK,16,1.199,코어 울트라5,내장그래픽,16,512,1446640,2024.04.,4.9,423
LG전자 2024 그램17 17ZD90SU-GX56K WIN11,17,1.39,코어 울트라5,기타,8,256,1373280,2024.03.,,
LG전자 그램 프로16 16Z90SP-EA5BK,16,1.279,코어 울트라5,RTX3050,16,512,2138760,2024.01.,4.9,44
LG전자 그램 프로16 16Z90SP-ED7BK,16,1.279,코어 울트라7,RTX3050,32,512,2406000,2024.01.,4.8,91
삼성전자 갤럭시북4 프로360 NT960QGK-KC51G,16,1.66,코어 울트라5,내장그래픽,16,512,1863380,2024.01.,4.7,37
LG전자 2025 그램 프로16 16ZD90TR-SX59K,16,1.36,코어 울트라5,RTX4050,32,512,2313000,2025.01.,4.7,24
삼성전자 갤럭시북4 프로 NT960XGK-KC51G,16,1.56,코어 울트라5,내장그래픽,16,512,1697840,2024.01.,4.3,24
삼성전자 갤럭시북3 프로 NT940XFT-A51A,14,1.17,코어i5-13세대,기타,16,256,1288990,2023.02.,4.9,"2,582"
삼성전자 갤럭시북4 NT750XGL-XL51G,15.6,1.57,코어5,기타,16,256,1397990,2024.04.,4.0,1
삼성전자 갤럭시북4 프로 NT960XGQ-A52A,16,1.56,코어 울트라5,내장그래픽,32,256,1888860,2024.01.,4.9,926
LG전자 2025 그램 프로17 17ZD90TR-SXSWK,17,1.48,코어 울트라7,RTX4050,32,512,2523170,2025.09.,,
LG전자 2024 그램15 15Z90S-GA5HK,15.6,1.29,코어 울트라5,내장그래픽,16,512,1362010,2024.01.,4.9,90
LG전자 그램14 14ZB90R-GP50ML,14,,코어i5-13세대,기타,8,256,1078000,2025.02.,,
LG전자 2024 그램17 17Z90S-GA5BK,17,1.35,코어 울트라5,내장그래픽,16,512,1544380,2024.04.,4.9,53
LG전자 울트라PC 15UD50T-GX5JK WIN11 64GB램,15.6,1.7,코어i5-13세대,기타,64,256,805200,2025.02.,,
LG전자 그램 프로16 16Z90SP-GA70K,16,1.199,코어 울트라7,내장그래픽,16,512,1815000,2024.01.,5.0,18
삼성전자 갤럭시북4 프로 NT960XGK-K71AR,16,1.56,코어 울트라7,내장그래픽,32,1024,2196000,2024.01.,4.9,314
LG전자 그램 프로360 16T90SP-KA5CK,16,1.399,코어 울트라5,내장그래픽,16,256,1605960,2024.01.,4.9,62
삼성전자 갤럭시북4 NT750XGR-A38A WIN11,15.6,1.55,코어i3-13세대,기타,8,256,695000,2024.04.,4.8,30
LG전자 2025 그램15 15Z90T-GA5JK,15.6,1.29,코어 울트라5,내장그래픽,16,512,1455970,2025.01.,,
LG전자 그램 프로16 16ZD90SP-GX56K WIN11,16,1.199,코어 울트라5,내장그래픽,16,256,1428990,2024.03.,5.0,12
"APPLE 맥북에어13 M3 8코어 CPU, 10코어 GPU 블루",13.6,1.24,M3,기타,8,512,1376080,2024.03.,4.8,60
LG전자 그램 프로17 17Z90SP-GA5HK,17,1.299,코어 울트라5,내장그래픽,16,512,1498990,2024.01.,4.9,108
LG전자 2025 그램 프로16 16ZD90TR-SX5BK,16,1.36,코어 울트라5,RTX4050,32,512,2308000,2025.01.,5.0,9
삼성전자 갤럭시북4 프로360 NT960QGK-KH51G,16,1.66,코어 울트라5,내장그래픽,16,512,1699000,2024.01.,4.0,140
삼성전자 갤럭시북4 프로360 NT960QGK-KD72G,16,1.66,코어 울트라7,내장그래픽,32,1024,2359640,2024.01.,4.7,122
삼성전자 갤럭시북4 NT750XGK-KH51G,15.6,1.55,코어5,기타,16,256,1190000,2024.04.,,
삼성전자 갤럭시북5 프로360 NT960QHA-KA72G,16,1.69,코어 울트라7,내장그래픽,32,1024,3066580,2024.11.,,
삼성전자 갤럭시북4 프로 NT940XGK-KH51G,14,1.23,코어 울트라5,내장그래픽,16,512,1590000,2024.01.,4.6,19
삼성전자 갤럭시북4 엣지 NT960XMA-KC01B,16,1.55,,기타,16,512,1398990,2024.06.,3.0,2
LG전자 그램 프로16 16Z90SP-GA5HK,16,1.199,코어 울트라5,내장그래픽,16,512,1496890,2024.01.,4.9,341
삼성전자 갤럭시북3 프로 NT940XFG-KC51G,14,1.17,코어i5-13세대,기타,16,256,1318000,2023.02.,4.8,26
LG전자 울트라PC 15U50R-SA5CK,15.6,1.8,코어i5-13세대,기타,16,256,948180,2025.08.,,
삼성전자 갤럭시북 프로 SE NT950XGQ-A51A WIN11,15.6,1.13,코어 울트라5,내장그래픽,16,512,1387080,2024.07.,5.0,3
삼성전자 갤럭시북4 NT750XGL-XC51S,15.6,1.57,코어5,기타,16,512,1528890,2024.04.,4.8,9
LG전자 2024 그램17 17Z90S-GA5CK,17,1.35,코어 울트라5,내장그래픽,16,256,1468980,2024.04.,5.0,14
LG전자 2024 그램17 17Z90SU-GRF6K,17,1.39,코어 울트라5,내장그래픽,8,256,1474200,2025.02.,,
LG전자 2024 그램16 16Z90S-GA5SK,16,1.199,코어 울트라5,내장그래픽,16,512,1391000,2025.01.,4.6,21
LG전자 2023 그램14 14Z90RU-GA3CK,14,,코어i3-13세대,기타,16,256,1198420,2024.10.,5.0,2
LG전자 2025 그램15 15Z90T-GA50K,15.6,1.29,코어 울트라5,내장그래픽,16,256,1403240,2025.01.,5.0,9
LG전자 2025 그램 프로17 17ZD90TP-GX5BK WIN11,17,1.369,코어 울트라5,내장그래픽,16,256,1661530,2025.01.,,
삼성전자 갤럭시북4 프로 NT940XGK-KC50G,14,1.23,코어 울트라5,내장그래픽,16,256,1566000,2024.03.,4.8,49
